date,AAPL.O,GOOG.O,MSFT.O
2015-11-09,27.18478889,35.99815338,47.10556901
2015-11-10,26.32800696,36.16848773,46.5402326
2015-11-11,26.17919746,36.52008166,46.66199737
2015-11-12,26.09126458,36.3129988,46.37498042
2015-11-13,25.3291796,35.60633472,45.95750123
2015-11-16,25.74178774,36.20027023,46.76636717
2015-11-17,25.63356265,36.01851405,46.38109878
2015-11-18,26.4452508,36.7485184,47.1516362
2015-11-19,26.78119951,36.66955875,47.23044116
2015-11-20,26.89844335,37.57287706,47.44934383
2015-11-23,26.54896651,37.54208776,47.44934383
2015-11-24,26.8037464,37.15970452,47.50188048
2015-11-25,26.61209781,37.1532487,47.01153848
2015-11-27,26.56249464,37.25803164,47.22168505
2015-11-30,26.67297442,36.87763482,47.58944155
2015-12-01,26.45652425,38.09132913,48.35122285
2015-12-02,26.21752718,37.85991278,48.34246675
2015-12-03,25.97402074,37.37125681,47.45809994
2015-12-04,26.83756674,38.07990729,48.95539424
2015-12-07,26.66846504,37.90311712,48.86783317
2015-12-08,26.65719159,37.85941618,48.85032095
2015-12-09,26.06871769,37.32507286,48.14107629
2015-12-10,26.1927256,37.21830351,48.39500339
2015-12-11,25.5185735,36.69240242,47.33551444
2015-12-14,25.36074525,37.13437784,48.281174
2015-12-15,24.91206208,36.91736294,48.33371064
2015-12-16,25.10371067,37.64687069,49.14802859
2015-12-17,24.57160399,37.21681371,48.77151599
2015-12-18,23.90647065,36.71425289,47.39680719
2015-12-21,24.19958026,37.13437784,48.00973468
2015-12-22,24.17703336,37.24512,48.46505225
2015-12-23,24.48818049,37.26051465,48.87658927
2015-12-24,24.35740851,37.16566374,48.74524767
2015-12-28,24.0845911,37.8663686,48.99041867
2015-12-29,24.51749145,38.56608026,49.51578509
2015-12-30,24.19732557,38.28798336,49.30563852
2015-12-31,23.73285957,37.68610222,48.57888164
2016-01-04,23.75315178,36.83989309,47.98346636
2016-01-05,23.1579138,36.87664161,48.20236904
2016-01-06,22.70472125,36.92828818,47.32675834
2016-01-07,21.7464783,36.07264362,45.68061022
2016-01-08,21.86146745,35.48069452,45.82070793
2016-01-11,22.21545367,35.55816436,45.79443961
2016-01-12,22.53787424,36.05675237,46.21473275
2016-01-13,21.95841909,34.78992169,45.21653655
2016-01-14,22.43866791,35.49310956,46.50368428
2016-01-15,21.89979717,34.48649811,44.64738959
2016-01-19,21.79382677,34.85100369,44.27087699
2016-01-20,21.82313773,34.68513875,44.47226745
2016-01-21,21.71265796,35.08937245,44.20082814
2016-01-22,22.86705888,36.01603104,45.7856835
2016-01-25,22.4206304,35.34164607,45.34787815
2016-01-26,22.54463831,35.40968049,45.68061022
2016-01-27,21.06330744,34.7616154,44.84878005
2016-01-28,21.21437162,36.29959055,45.57553694
2016-01-29,21.94714565,36.89501587,48.23739346
2016-02-01,21.74196892,37.34444032,47.9046614
2016-02-02,21.30230451,37.97264134,46.4073671
2016-02-03,21.72393141,36.10045331,45.67185411
2016-02-04,21.89848487,35.15988988,45.5317564
2016-02-05,21.31361851,33.94619557,43.92063271
2016-02-08,21.53804397,33.90497764,43.26392469
2016-02-09,21.53351013,33.6750511,43.1500953
2016-02-10,21.37029161,33.97350866,43.5266079
2016-02-11,21.24107694,33.9233519,43.50909568
2016-02-12,21.30681774,33.88809318,44.21834035
2016-02-16,21.90755257,34.31517056,45.05614276
2016-02-17,22.24305731,35.17925734,46.22906643
2016-02-18,21.82140946,34.63051258,46.02623
2016-02-19,21.77153714,34.80730275,45.69992793
2016-02-22,21.96195874,35.08291663,46.43190285
2016-02-23,21.46550241,34.55602234,45.13551354
2016-02-24,21.78513868,34.74026153,45.29425509
2016-02-25,21.93475566,35.04765792,45.94685923
2016-02-26,21.96875951,35.01388901,45.24134124
2016-02-29,21.91888719,34.65136984,44.87094429
2016-03-01,22.78938597,35.69621961,46.37017002
2016-03-02,22.83925829,35.69820602,46.6964721
2016-03-03,23.00927759,35.37889119,46.1673336
2016-03-04,23.35158309,35.30291114,45.8851264
2016-03-07,23.09315377,34.52175683,45.00322891
2016-03-08,22.90273216,34.46266124,45.55000536
2016-03-09,22.92313448,35.02233124,46.59946337
2016-03-10,22.9344691,35.39875525,45.90276435
2016-03-11,23.1815638,36.09399749,46.80229979
2016-03-14,23.24050382,36.27625028,46.89048954
2016-03-15,23.70749015,36.16898433,47.26088649
2016-03-16,24.02259257,36.55434717,47.93112858
2016-03-17,23.98405486,36.63827284,48.2045168
2016-03-18,24.01125795,36.62933402,47.17269674
2016-03-21,24.00899102,36.85230813,47.49899881
2016-03-22,24.19261186,36.78576352,47.68419728
2016-03-23,24.05886335,36.65217769,47.59600754
2016-03-24,23.95458485,36.51511565,47.80766293
2016-03-28,23.8457725,36.42721716,47.21679161
2016-03-29,24.41023656,36.98539736,48.24861168
2016-03-30,24.83641825,37.27143988,48.54845682
2016-03-31,24.70720359,36.99433619,48.70719837
2016-04-01,24.93389598,37.24065059,49.00704352
2016-04-04,25.19005838,37.01122065,48.88357787
2016-04-05,24.89309135,36.63926605,48.11632705
2016-04-06,25.15378759,37.03108471,48.61018965
2016-04-07,24.60519201,36.76242324,48.02813731
2016-04-08,24.6323951,36.70630726,47.99286141
2016-04-11,24.71400436,36.55484378,47.89585268
2016-04-12,25.03590755,36.90196829,48.19569783
2016-04-13,25.39861538,37.33053548,48.81302607
2016-04-14,25.41221692,37.40403251,48.82184505
2016-04-15,24.90215904,37.69206144,49.07759532
2016-04-18,24.36489808,38.06997526,49.79193229
2016-04-19,24.23568341,37.44028443,49.73019946
2016-04-20,24.28555574,37.37771263,49.02468147
2016-04-21,24.02259257,37.69901386,49.19224199
2016-04-22,23.95685178,35.6942332,45.66465203
2016-04-25,23.82083634,35.9117447,45.9556782
2016-04-26,23.6553509,35.1663457,45.36480689
2016-04-27,22.17504959,35.05212733,44.92385814
2016-04-28,21.49723934,34.31616376,44.00668475
2016-04-29,21.25014464,34.41498748,43.98022783
2016-05-02,21.2274754,34.67322031,44.63283197
2016-05-03,21.57658168,34.38270838,43.90085705
2016-05-04,21.35215621,34.54857331,43.98022783
2016-05-05,21.26548829,34.83312603,44.04196065
2016-05-06,21.14689054,35.31433298,44.43881452
2016-05-09,21.16285563,35.40272806,44.15660732
2016-05-10,21.30654136,35.91323451,44.99440994
2016-05-11,21.0989953,35.52141585,45.02086686
2016-05-12,20.60407778,35.42308873,45.42653971
2016-05-13,20.64513085,35.29993153,45.04732379
2016-05-16,21.41145475,35.58100804,45.70874691
2016-05-17,21.32250644,35.0714948,44.85620356
2016-05-18,21.56654411,35.09135886,45.1226233
2016-05-19,21.48443798,34.77800325,44.68747106
2016-05-20,21.71707202,35.24580196,44.9538908
2016-05-23,21.99303985,34.97267108,44.42993197
2016-05-24,22.32830656,35.75978461,45.81531462
2016-05-25,22.72059142,36.01702424,46.2859895
2016-05-26,22.90076876,35.95991506,46.08173436
2016-05-27,22.88708441,36.38401283,46.46360266
2016-05-31,22.77532884,36.53597292,47.0674874
2016-06-01,22.45602721,36.45800646,46.93427753
2016-06-02,22.28725349,36.27178086,46.60569318
2016-06-03,22.33286801,35.87151997,45.99292778
2016-06-06,22.49479955,35.58398765,46.29487015
2016-06-07,22.58602859,35.58895366,46.26822818
2016-06-08,22.56550205,36.16650132,46.21494423
2016-06-09,22.72743359,36.18139937,45.8419566
2016-06-10,22.54041407,35.72601571,45.71762738
2016-06-13,22.20058591,35.67387254,44.52761921
2016-06-14,22.22795462,35.66940312,44.25231881
2016-06-15,22.15497139,35.70168223,44.1279896
2016-06-16,22.24848115,35.27659126,44.74963566
2016-06-17,21.74216,34.35092588,44.51873855
2016-06-20,21.68970331,34.44974959,44.46545461
2016-06-21,21.87444211,34.56049175,45.4600883
2016-06-22,21.79233597,34.63597519,45.28247514
2016-06-23,21.9177759,34.8549765,46.09949568
2016-06-24,21.30197991,33.53153324,44.25231881
2016-06-27,20.99180118,33.18589852,43.00902669
2016-06-28,21.3453137,33.77089521,43.90597315
2016-06-29,21.5300525,33.97301206,44.88284553
2016-06-30,21.8037396,34.36979674,45.44232699
2016-07-01,21.86988066,34.72288047,45.43344633
2016-07-05,21.67601895,34.48848452,45.44232699
2016-07-06,21.78777452,34.65136984,45.6288208
2016-07-07,21.88128428,34.53168886,45.6288208
2016-07-08,22.050058,35.0416987,46.44584134
2016-07-11,22.11847978,35.51148381,46.70338042
2016-07-12,22.21883172,35.7870977,47.25398122
2016-07-13,22.09339179,35.60534152,47.52040096
2016-07-14,22.53129117,35.80249235,47.72465609
2016-07-15,22.52901044,35.74786618,47.68913346
2016-07-18,22.76848666,36.4396322,47.92003057
2016-07-19,22.77760956,36.59755151,47.14741332
2016-07-20,22.7981361,36.80761399,49.65175888
2016-07-21,22.67725762,36.68048398,49.55407164
2016-07-22,22.50164173,36.88458724,50.23788231
2016-07-25,22.20058591,36.73709656,50.37997283
2016-07-26,22.04777728,36.67005535,50.40661481
2016-07-27,23.48007314,36.83641688,49.9004173
2016-07-28,23.79709404,37.04200995,49.91817862
2016-07-29,23.7674446,38.17823441,50.33556954
2016-08-01,24.18709817,38.38134446,50.24676296
2016-08-02,23.8290242,38.29145957,50.24676296
2016-08-03,24.1277993,38.39624251,50.59310863
2016-08-04,24.27684961,38.31827606,50.96609626
2016-08-05,24.64603566,38.84517036,51.47229377
2016-08-08,24.85011988,38.82232668,51.56110035
2016-08-09,24.95101545,38.94647708,51.68542956
2016-08-10,24.76527588,38.96733435,51.52557772
2016-08-11,24.74922431,38.97577658,51.77423614
2016-08-12,24.80655134,38.89483052,51.45453245
2016-08-15,25.10465188,38.85609559,51.6143843
2016-08-16,25.08172107,38.59289674,51.32843225
2016-08-17,25.04503177,38.73045539,51.43566435
2016-08-18,25.01292864,38.6107744,51.47140838
2016-08-19,25.07713491,38.50748127,51.4892804
2016-08-22,24.88222302,38.34509254,51.53396044
2016-08-23,24.96018777,38.34161633,51.73055263
2016-08-24,24.77215512,38.22044554,51.78416868
2016-08-25,24.66667339,38.20902371,51.98076086
2016-08-26,24.52220928,38.21547953,51.85565675
2016-08-29,24.49469231,38.34509254,51.9182088
2016-08-30,24.30665966,38.19313245,51.73055263
2016-08-31,24.32959047,38.09182573,51.34630427
2016-09-01,24.47405458,38.1777378,51.46247238
2016-09-02,24.70336269,38.31082703,51.53396044
2016-09-06,24.69648345,38.73889761,51.48034439
2016-09-07,24.8478268,38.75230586,51.52502443
2016-09-08,24.19659177,38.50251525,51.31949624
2016-09-09,23.64854538,37.72483715,50.22930322
2016-09-12,24.17824712,38.18965624,50.97992792
2016-09-13,24.75381047,37.72632695,50.51525549
2016-09-14,25.62976745,37.8653754,50.27398326
2016-09-15,26.50113827,38.32572508,51.10503204
2016-09-16,26.352088,38.18270382,51.15864809
2016-09-19,26.04481513,38.02478451,50.87269582
2016-09-20,26.04252205,38.30834403,50.76546372
2016-09-21,26.03793589,38.5472094,51.61438452
2016-09-22,26.28329557,39.09297455,51.66800057
2016-09-23,25.84531708,39.0775799,51.31949624
2016-09-26,25.88429946,38.44739247,50.8458878
2016-09-27,25.93245416,38.88440188,51.78416868
2016-09-28,26.12965913,38.81239465,51.85565675
2016-09-29,25.72378378,38.4871206,51.29268822
2016-09-30,25.92328184,38.60034577,51.47140838
2016-10-03,25.80174854,38.36545321,51.31056023
2016-10-04,25.91181643,38.55763803,51.14971208
2016-10-05,25.92328184,38.55962444,51.50715242
2016-10-06,26.11590065,38.5789919,51.5965125
2016-10-07,26.15488303,38.49059681,51.65012855
2016-10-10,26.61120617,39.02990615,51.86459275
2016-10-11,26.66853319,38.88738149,51.10503204
2016-10-12,26.90701363,39.03983818,51.03354397
2016-10-13,26.82446271,38.64503991,50.86375981
2016-10-14,26.97351298,38.66192436,51.31056023
2016-10-17,26.95516833,38.73293839,51.13184006
2016-10-18,26.93682368,39.49273884,51.52502443
2016-10-19,26.85656584,39.80559785,51.40885633
2016-10-20,26.84280736,39.57765772,51.15864809
2016-10-21,26.73732563,39.6968421,53.31222611
2016-10-24,26.97809914,40.3791727,54.50965124
2016-10-25,27.11568401,40.10902143,54.50071523
2016-10-26,26.50572443,39.68194405,54.17901893
2016-10-27,26.25119243,39.49720826,53.70541048
2016-10-28,26.07691827,39.49820146,53.49988229
2016-10-31,26.03564281,38.96038193,53.54456233
2016-11-01,25.56556118,38.91419798,53.43733023
2016-11-02,25.58849199,38.17376499,53.10669792
2016-11-03,25.31421478,37.84749774,52.91010574
2016-11-04,25.0860342,37.84203512,52.46330532
2016-11-07,25.44789633,38.8600684,53.99136275
2016-11-08,25.59771186,39.25685308,54.03604279
2016-11-09,25.55622448,38.99862025,53.76796254
2016-11-10,24.8440245,37.86885161,52.45436931
2016-11-11,24.99153517,37.44475384,52.74032158
2016-11-14,24.36461481,36.55385057,51.93608082
2016-11-15,24.68729441,37.66673476,52.96166787
2016-11-16,25.35109245,37.96419912,53.66338523
2016-11-17,25.34187303,38.2994052,54.55402649
2016-11-18,25.36722643,37.76853809,54.29313157
2016-11-21,25.75213709,38.19859507,54.75194677
2016-11-22,25.76827107,38.15241112,54.98585256
2016-11-23,25.63689438,37.79088516,54.33811346
2016-11-25,25.76596622,37.82515067,54.45506635
2016-11-28,25.71525943,38.15092132,54.52703736
2016-11-29,25.68990603,38.28003773,54.95886343
2016-11-30,25.47324972,37.64438769,54.21216419
2016-12-01,25.23584973,37.14182687,53.25854829
2016-12-02,25.33034876,37.26995008,53.30353017
2016-12-05,25.14826527,37.8668652,54.17617868
2016-12-06,25.34187303,37.69752406,53.93327652
2016-12-07,25.59079729,38.29741879,55.21076197
2016-12-08,25.84202641,38.55714143,54.88689242
2016-12-09,26.26381475,39.19626769,55.75054455
2016-12-12,26.11399922,39.19527448,55.93047208
2016-12-13,26.54961668,39.53445338,56.65917857
2016-12-14,26.54961668,39.58262373,56.38928728
2016-12-15,26.6948225,39.62135866,56.29932351
2016-12-16,26.72939532,39.27125453,56.04742497
2016-12-19,26.88382056,39.44009907,57.23494666
2016-12-20,26.95527104,39.55034463,57.16297565
2016-12-21,26.98062444,39.45797673,57.16297565
2016-12-22,26.80315065,39.2940982,57.17197202
2016-12-23,26.8561623,39.22705699,56.89308435
2016-12-27,27.02672152,39.30849965,56.92906986
2016-12-28,26.91147881,38.98570861,56.66817494
2016-12-29,26.90456424,38.87347665,56.58720756
2016-12-30,26.6948225,38.32870469,55.90348295
2017-01-03,26.77088269,39.03983818,56.29932351
2017-01-04,26.74091959,39.0775799,56.04742497
2017-01-05,26.87690599,39.43116024,56.04742497
2017-01-06,27.17653705,40.03353798,56.5332293
2017-01-09,27.42546132,40.05836806,56.35330177
2017-01-10,27.45311957,39.96600017,56.33530902
2017-01-11,27.60063024,40.12093987,56.84810247
2017-01-12,27.48538753,40.04396662,56.32631264
2017-01-13,27.43698559,40.11945006,56.40728003
2017-01-17,27.6582516,39.95706134,56.25434163
2017-01-18,27.65594675,40.02956517,56.2273525
2017-01-19,27.60754481,39.83638715,56.04742497
2017-01-20,27.6582516,39.977422,56.44326553
2017-01-23,27.67669043,40.68706569,56.64118581
2017-01-24,27.65133704,40.91351602,57.14498289
2017-01-25,28.09156421,41.49950591,57.28892492
2017-01-26,28.10539333,41.32470214,57.81971112
2017-01-27,28.10769819,40.88570633,59.17816396
2017-01-30,28.03394285,39.84333957,58.59339949
2017-01-31,27.96940693,39.56871889,58.16157343
2017-02-01,29.67499911,39.51458931,57.19896115
2017-02-02,29.62429232,39.65512756,56.83010972
2017-02-03,29.7510593,39.80212164,57.28892492
2017-02-06,30.02994667,39.79467261,57.25293941
2017-02-07,30.31574861,40.07425932,57.06401551
2017-02-08,30.43329618,40.14428014,56.98304812
2017-02-09,30.65320662,40.20287913,57.63078722
2017-02-10,30.58376121,40.40698239,57.57680896
2017-02-13,30.85459833,40.68358948,58.22454806
2017-02-14,31.25506689,40.74367827,58.44176978
2017-02-15,31.36849441,40.67067784,58.40556611
2017-02-16,31.329142,40.92791747,58.39651519
2017-02-17,31.4171062,41.12208869,58.48702436
2017-02-21,31.64396122,41.30036867,58.36936244
2017-02-22,31.73886996,41.25567452,58.25170052
2017-02-23,31.60460882,41.28398081,58.48702436
2017-02-24,31.63470184,41.15039498,58.48702436
2017-02-27,31.69720271,41.18217748,58.13403861
2017-02-28,31.71109179,40.88074031,57.90776569
2017-03-01,32.35924901,41.47815204,58.7766537
2017-03-02,32.16711669,41.2492187,57.93491844
2017-03-03,32.35693416,41.17224545,58.15214044
2017-03-06,32.25508088,41.10768724,58.17024227
2017-03-07,32.29674813,41.31278371,58.28790419
2017-03-08,32.17637608,41.48460786,58.82190828
2017-03-09,32.10230097,41.64898299,58.58658445
2017-03-10,32.20878394,41.87592992,58.76760278
2017-03-13,32.22267302,41.98965169,58.56848261
2017-03-14,32.17406123,41.9936245,58.29695511
2017-03-15,32.51434377,42.07208755,58.60468628
2017-03-16,32.56758526,42.1505506,58.5051262
2017-03-17,32.40554595,42.31641554,58.71329728
2017-03-20,32.74582849,42.13167974,58.76760278
2017-03-21,32.37082324,41.24077647,58.11593677
2017-03-22,32.7365691,41.19757213,58.85811195
2017-03-23,32.62082674,40.60115361,58.71329728
2017-03-24,32.55601102,40.44472411,58.81285737
2017-03-27,32.61156735,40.69699772,58.92146837
2017-03-28,33.28750274,40.76701855,59.09343579
2017-03-29,33.36157785,41.28795363,59.25635229
2017-03-30,33.31759575,41.29242304,59.47357429
2017-03-31,33.25509488,41.19608233,59.60933804
2017-04-03,33.26435426,41.64252717,59.32875962
2017-04-04,33.51204291,41.44487973,59.49167613
2017-04-05,33.33842937,41.28795363,59.33781054
2017-04-06,33.25509488,41.11265326,59.49167613
2017-04-07,33.18101976,40.95324415,59.44642154
2017-04-10,33.14166736,40.95622376,59.31065779
2017-04-11,32.78518089,40.88769274,59.26540321
2017-04-12,32.8245333,40.93586309,59.03913029
2017-04-13,32.65091976,40.89812137,58.78570462
2017-04-17,32.83147784,41.57399615,59.26540321
2017-04-18,32.68564246,41.55661509,59.18394496
2017-04-19,32.56527041,41.62564271,58.86716287
2017-04-20,32.97268352,41.79647366,59.28350504
2017-04-21,32.93333111,41.87295031,60.09808755
2017-04-24,33.25046518,42.84479964,61.12084115
2017-04-25,33.45648658,43.31855757,61.47382691
2017-04-26,33.25972457,43.29025128,61.39236865
2017-04-27,33.28518789,43.41539488,61.79060899
2017-04-28,33.25278003,44.99011855,61.96257641
2017-05-01,33.93103026,45.31837221,62.82241351
2017-05-02,34.14631105,45.51055703,62.72285342
2017-05-03,34.04214292,46.03695473,62.52373325
2017-05-04,33.91945602,46.26638467,62.2793585
2017-05-05,34.48196389,46.04142414,62.45132592
2017-05-08,35.41947701,46.39748749,62.39702042
2017-05-09,35.64633203,46.29171135,62.48752959
2017-05-10,35.47734819,46.1233634,62.73190434
2017-05-11,35.78416879,46.2137449,61.96257641
2017-05-12,36.28391522,46.29419436,61.89016908
2017-05-15,36.19093914,46.53554273,61.93542366
2017-05-16,36.13747789,46.82953088,63.18250704
2017-05-17,34.92414005,45.66847634,61.42566741
2017-05-18,35.45642811,46.19586724,61.63503172
2017-05-19,35.57729701,46.38308604,61.61682612
2017-05-22,35.7934664,46.7729183,62.30863862
2017-05-23,35.74930276,47.11855301,62.51800293
2017-05-24,35.64238027,47.42346639,62.59992809
2017-05-25,35.76557357,48.14751153,63.37366575
2017-05-26,35.70513912,48.24335564,63.68316082
2017-05-30,35.71908553,48.46235694,64.09278664
2017-05-31,35.50756495,47.91510198,63.57392726
2017-06-01,35.60518984,48.01889171,63.81059996
2017-06-02,36.13282909,48.4484521,65.3216641
2017-06-05,35.77951999,48.84970619,65.79500949
2017-06-06,35.90038889,48.49662245,66.01347659
2017-06-07,36.11423387,48.72058977,65.89514024
2017-06-08,36.0259066,48.83629795,65.49461722
2017-06-09,34.628941,47.16870977,64.01086147
2017-06-12,33.80145388,46.82456486,63.51931049
2017-06-13,34.07340892,47.34599654,64.31125374
2017-06-14,33.74101943,47.21489372,63.96534749
2017-06-15,33.53879646,46.79526537,63.62854404
2017-06-16,33.06926725,46.66962516,63.719572
2017-06-19,34.01529887,47.54314738,64.51151525
2017-06-20,33.7061534,47.2084379,63.63764684
2017-06-21,33.90605197,47.64644051,63.96534749
2017-06-22,33.85026633,47.52924253,63.9562447
2017-06-23,34.00135246,47.95135389,64.82101032
2017-06-26,33.89442996,47.28988056,64.20202019
2017-06-27,33.40862995,46.05135617,63.00045112
2017-06-28,33.89675437,46.70488388,63.53751608
2017-06-29,33.39700794,45.57759825,62.3450498
2017-06-30,33.4760376,45.1276772,62.74557283
2017-07-03,33.3551687,44.62958579,62.05376033
2017-07-05,33.49230842,45.27566447,62.88211477
2017-07-06,33.17618975,45.02637047,62.41787217
2017-07-07,33.51322804,45.61732637,63.22802102
2017-07-10,33.71777541,46.12435661,63.70136641
2017-07-11,33.82702231,46.18841821,63.7104692
2017-07-12,33.87583475,46.87074881,64.76639354
2017-07-13,34.34768835,47.03611715,65.33076689
2017-07-14,34.64288741,47.47461636,66.25014929
2017-07-17,34.76375631,47.34698975,66.76900866
2017-07-18,34.88462522,47.94191846,66.72349468
2017-07-19,35.103119,48.21455274,67.23325126
2017-07-20,34.94505967,48.0784839,67.56095191
2017-07-21,34.92878885,48.31536287,67.16953168
2017-07-24,35.35183002,48.68384125,66.99657856
2017-07-25,35.50291615,47.21191411,67.53364352
2017-07-26,35.67027309,47.06789965,67.40620438
2017-07-27,34.99619651,46.38705885,66.59605554
2017-07-28,34.7498099,46.75653044,66.48682198
2017-07-31,34.57083095,46.20877888,66.17732692
2017-08-01,34.87765201,46.22516673,66.06809337
2017-08-02,36.52565303,46.20331626,65.7768039
2017-08-03,36.16072191,45.86860678,65.67667314
2017-08-04,36.35132288,46.08264207,66.15912133
2017-08-07,36.91382816,46.1521663,65.90424304
2017-08-08,37.20902722,46.02453969,66.25925208
2017-08-09,37.43681861,45.83136166,65.96796261
2017-08-10,36.24438485,45.05368356,65.00306624
2017-08-11,36.74842729,45.4087537,65.995271
2017-08-14,37.30147385,45.81993983,66.98747576
2017-08-15,37.70984157,45.79759276,67.00577833
2017-08-16,37.55816213,46.03298191,67.39928399
2017-08-17,36.83710142,45.23941256,66.25537218
2017-08-18,36.75309435,45.22401791,66.33773383
2017-08-21,36.68542199,45.02488067,66.02658982
2017-08-22,37.28513914,45.92025335,66.95087056
2017-08-23,37.33180974,46.03496832,66.5482136
2017-08-24,37.16612912,45.7509122,66.52075972
2017-08-25,37.30380738,45.48324394,66.63972655
2017-08-28,37.67950568,45.37995081,66.64887784
2017-08-29,38.01553397,45.75140881,66.85020632
2017-08-30,38.11820928,46.16259493,67.72873059
2017-08-31,38.26988872,46.64727809,68.42422898
2017-09-01,38.28155637,46.54845437,67.66467153
2017-09-05,37.821851,46.10697555,67.36267881
2017-09-06,37.78218099,46.07519305,67.17050163
2017-09-07,37.63050155,46.47942675,68.03072331
2017-09-08,37.01678322,46.01013824,67.70127671
2017-09-11,37.68650627,46.13826145,68.41507768
2017-09-12,37.53716036,46.28674533,68.34186733
2017-09-13,37.25480326,46.43671901,68.82688593
2017-09-14,36.93510967,45.94111062,68.42422898
2017-09-15,37.30847444,45.70174865,68.91839888
2017-09-18,37.02611734,45.4390464,68.78112946
2017-09-19,37.04011852,45.77723209,69.03736571
2017-09-20,36.41939959,46.26241185,68.57980098
2017-09-21,35.7940136,46.30561619,67.91175648
2017-09-22,35.44398413,46.11094836,68.09478237
2017-09-25,35.13129114,45.73551756,67.04238351
2017-09-26,35.73567536,45.92869558,67.04238351
2017-09-27,35.99003011,46.90352452,67.58230988
2017-09-28,35.76834477,47.15232192,67.60061247
2017-09-29,35.96436128,47.62955606,68.16799273
2017-10-02,35.89202185,47.33954072,68.27780826
2017-10-03,36.04836835,47.56400465,67.95751296
2017-10-04,35.81501537,47.26058107,68.35101862
2017-10-05,36.26071956,48.16836879,69.52238432
2017-10-06,36.23971779,48.61183402,69.5498382
2017-10-09,36.3657284,48.51797632,69.81522574
2017-10-10,36.37972958,48.29947162,69.81522574
2017-10-11,36.53140902,49.12631328,69.93419257
2017-10-12,36.40306488,49.05579585,70.57478318
2017-10-13,36.63408433,49.14766715,70.91338108
2017-10-16,37.30847444,49.26287872,71.05980179
2017-10-17,37.4461527,49.27181755,71.00489403
2017-10-18,37.28047208,49.30310345,71.02319661
2017-10-19,36.39839782,48.88794451,71.29773545
2017-10-20,36.46140313,49.07417011,72.12135195
2017-10-23,36.44273489,48.09338195,72.13965454
2017-10-24,36.65975316,48.19717169,72.16710843
2017-10-25,36.4987396,48.33572353,71.95662865
2017-10-26,36.73209258,48.29748521,72.07559548
2017-10-27,38.04820339,50.61711128,76.6969992
2017-10-30,38.90460883,50.50984534,76.77020956
2017-10-31,39.44598774,50.48650506,76.12046765
2017-11-01,38.94427883,50.92649408,76.12046765
2017-11-02,39.22896947,50.93046689,76.91663027
2017-11-03,40.25338905,51.273122,76.99899192
2017-11-06,40.66175677,50.94635814,77.30098464
2017-11-07,40.79243443,51.31533313,77.11795875
2017-11-08,41.1261292,51.63911738,77.38334629
2017-11-09,41.04212212,51.2125366,76.95323545
2017-11-10,40.90629044,51.05412069,76.75190697
2017-11-13,40.74235614,50.93890912,76.80681474
2017-11-14,40.12643158,50.95132416,76.91663027
2017-11-15,39.597158,50.69855395,76.31880871
2017-11-16,40.07022554,51.2741152,76.52114829
2017-11-17,39.84774328,50.60817245,75.78536802
2017-11-20,39.80793066,50.57291374,75.90493231
2017-11-21,40.54797691,51.37293892,76.99940546
2017-11-22,40.97420608,51.44593935,76.43837301
2017-11-24,40.97654799,51.6768591,76.57633181
2017-11-27,40.77045917,52.35223727,77.13736427
2017-11-28,40.53158348,52.01454819,78.06628686
2017-11-29,39.69083474,50.73579907,76.64990984
2017-11-30,40.24586942,50.72338403,77.41328187
2017-12-01,40.05851594,50.16520383,77.49605715
2017-12-04,39.76577613,49.59460859,74.57133057
2017-12-05,39.72830543,49.91590982,75.04039049
2017-12-06,39.58076457,50.57291374,76.13486365
2017-12-07,39.65336404,51.19614875,75.8681433
2017-12-08,39.66507363,51.50006893,77.40408461
2017-12-11,40.43790674,51.70119258,78.38819073
2017-12-12,40.21074065,51.67040328,78.7100946
2017-12-13,40.34423,51.6768591,78.49855777
2017-12-14,40.33252041,52.10095686,77.89153904
2017-12-15,40.74235614,52.84784567,79.87814578
2017-12-18,41.31612618,53.49094474,79.44587487
2017-12-19,40.8758455,53.17014011,78.94002593
2017-12-20,40.83134905,52.88558739,78.65491108
2017-12-21,40.98591567,52.82003598,78.63651657
2017-12-22,40.98591567,52.64572882,78.64571382
2017-12-26,39.94610385,52.47787748,78.54454404
2017-12-27,39.95312961,52.1118821,78.82965889
2017-12-28,40.0655417,52.0508001,78.83885614
2017-12-29,39.63228678,51.96439142,78.67330558
2018-01-02,40.34188808,52.8880704,79.05039297
2018-01-03,40.33486233,53.75613,79.41828311
2018-01-04,40.52221581,53.95079782,80.11727437
2018-01-05,40.98357375,54.73691816,81.11057773
2018-01-08,40.83134905,54.97081751,81.19335302
2018-01-09,40.82666521,54.9370486,81.13816949
2018-01-10,40.81729754,54.75578902,80.77027936
2018-01-11,41.04914747,54.90030008,81.00940795
2018-01-12,41.47303472,55.73161116,82.40739046
2018-01-16,41.26226205,55.70678108,81.25773379
2018-01-17,41.94376034,56.21430792,82.90404215
2018-01-18,41.98123103,56.10555217,82.86725313
2018-01-19,41.79387755,56.4889286,82.7752806
2018-01-22,41.45195745,57.39770953,84.2560384
2018-01-23,41.46132512,58.1008974,84.52275875
2018-01-24,40.80090411,57.81634468,84.44918072
2018-01-25,40.07256745,58.12076146,84.91824064
2018-01-26,40.16624419,58.39240253,86.50936548
2018-01-29,39.33486313,58.37949089,86.38060393
2018-01-30,39.10301319,57.78903159,85.29532803
2018-01-31,39.21074145,58.09940759,87.38310455
2018-02-01,39.29270859,57.98816883,86.69331055
2018-02-02,37.58779193,55.2171319,84.41239171
2018-02-05,36.64868261,52.43119693,80.93582992
2018-02-06,38.18029731,53.6627689,83.9985153
2018-02-07,37.36296775,52.07265057,82.41658772
2018-02-08,36.33486553,49.73564344,78.18585115
2018-02-09,36.77929378,51.53632084,81.10138048
2018-02-12,38.26071793,52.23950871,81.97511955
2018-02-13,38.64400703,52.24745434,82.61892729
2018-02-14,39.35650151,53.12147315,83.91259093
2018-02-15,40.6780259,54.10573752,85.62207549
2018-02-16,40.54634376,54.36794317,85.01220532
2018-02-20,40.40995868,54.74833999,85.67751823
2018-02-21,40.22654426,55.18932221,84.54094201
2018-02-22,40.56280403,54.95542286,84.76271298
2018-02-23,41.2682441,55.95657169,86.91573948
2018-02-26,42.08420311,56.798808,88.17244165
2018-02-27,41.94781803,55.53446033,87.04510588
2018-02-28,41.88432842,54.86106856,86.64776623
2018-03-01,41.15067075,53.11253432,85.79764417
2018-03-02,41.43519824,53.57933983,85.98245332
2018-03-05,41.57863773,54.17575835,86.52764028
2018-03-06,41.54336572,54.38085481,86.23194566
2018-03-07,41.15772515,55.10489994,86.73093034
2018-03-08,41.60685533,55.91734016,87.2576364
2018-03-09,42.32170127,57.60777201,89.20737284
2018-03-12,42.73085651,57.82925632,89.41990336
2018-03-13,42.3193498,56.52170431,87.23915548
2018-03-14,41.95957536,57.08385732,86.72168988
2018-03-15,42.00895617,57.08832673,87.02662497
2018-03-16,41.86081375,56.40053352,87.41472417
2018-03-19,41.22121476,54.61723717,85.834606
2018-03-20,41.20710596,54.51245423,86.05637697
2018-03-21,40.2735736,54.17327534,85.45574726
2018-03-22,39.70451861,52.09748065,82.9700643
2018-03-23,38.78509505,50.73132965,80.558305
2018-03-26,40.62629363,52.30257711,86.65700668
2018-03-27,39.58459379,49.91342682,82.67436967
2018-03-28,39.14722095,49.88661033,82.60044602
2018-03-29,39.45291165,51.23885649,84.33765195
2018-04-02,39.19425029,49.98146124,81.79652625
2018-04-03,39.59635113,50.32610275,82.89614064
2018-04-04,40.35352347,50.90861642,85.3171404
2018-04-05,40.63334803,51.04120905,85.36334269
2018-04-06,39.59399966,50.00976753,83.37664441
2018-04-09,39.98669463,50.42740947,83.8756291
2018-04-10,40.73916404,51.23140746,85.82536554
2018-04-11,40.54869522,50.6518734,84.88283892
2018-04-12,40.9484446,51.2746118,86.47219754
2018-04-13,41.08718114,51.11371288,86.01017469
2018-04-16,41.34349104,51.54625288,87.01738451
2018-04-17,41.91254603,53.34295747,88.77307136
2018-04-18,41.81848735,53.23966433,89.11496827
2018-04-19,40.63334803,54.01535603,88.81003319
2018-04-20,38.96850947,53.28336527,87.78434245
2018-04-23,38.85563906,53.00973779,88.10775845
2018-04-24,38.31480167,50.65237,86.04713652
2018-04-25,38.48175582,50.71196219,85.29865949
2018-04-26,38.61578943,51.64855281,87.10054862
2018-04-27,38.16901072,51.15244781,88.54205993
2018-04-30,38.86034199,50.52077057,86.4167548
2018-05-01,39.76330528,51.51298057,87.78434245
2018-05-02,41.51985105,50.8708747,86.40751434
2018-05-03,41.59509799,50.838099,86.92497994
2018-05-04,43.22701602,52.05427631,87.93218976
2018-05-07,43.53976112,52.38104017,88.91167822
2018-05-08,43.74904167,52.33733923,88.53281948
2018-05-09,44.05708384,53.77003484,89.57699113
2018-05-10,44.68727697,54.50550181,90.47331547
2018-05-11,44.51731825,54.53976732,90.27926587
2018-05-14,44.41345474,54.63610803,90.58420095
2018-05-15,44.00980335,53.59473448,89.9281285
2018-05-16,44.42053634,53.72087128,90.16014202
2018-05-17,44.13963275,53.56295197,89.25993268
2018-05-18,43.97911641,52.95560822,89.42698183
2018-05-21,44.29070695,53.61211553,90.57776491
2018-05-22,44.17976183,53.12296296,90.48495983
2018-05-23,44.46302596,53.61757815,91.56149883
2018-05-24,44.41345474,53.59523108,91.23668103
2018-05-25,44.51495772,53.41744771,91.28308357
2018-05-28,,,
2018-05-29,44.35444138,52.65566085,90.95826577
2018-05-30,44.26002,53.02711885,91.83063359
2018-05-31,44.11130633,53.880777,91.72854799
2018-06-01,44.90680643,55.59454912,93.53824719
2018-06-04,45.2821314,56.57732369,94.35493195
2018-06-05,45.63149049,56.59569795,94.83751841
2018-06-06,45.78964629,56.4576427,95.11593367
2018-06-07,45.6668985,55.81106742,93.62177177
2018-06-08,45.25144445,55.66258354,94.31780992
2018-06-11,45.14049933,56.1154842,93.77954041
2018-06-12,45.38835544,56.57881349,94.02083364
2018-06-13,45.01539101,56.35385297,93.59393024
2018-06-14,45.03899635,57.21446354,94.12291924
2018-06-15,44.57633161,57.22141596,92.92573361
2018-06-18,44.55272627,58.27421135,93.60321075
2018-06-19,43.83276327,58.00604649,93.60321075
2018-06-20,44.02396656,58.09444157,94.54054213
2018-06-21,43.77847098,57.48958083,93.86306499
2018-06-22,43.65100212,57.38132168,93.18558786
2018-06-25,43.00185516,55.85824457,91.3109251
2018-06-26,43.53533594,55.54290255,91.9512802
2018-06-27,43.47160151,54.82382344,90.52208186
2018-06-28,43.78791312,55.33234348,91.53365731
2018-06-29,43.69585228,55.4033575,91.51509629
2018-07-02,44.1844829,55.98984399,92.81436751
2018-07-03,43.41494868,54.76969386,91.92343867
2018-07-05,43.76430778,55.83142808,92.58235479
2018-07-06,44.37096512,56.62102463,93.88162601
2018-07-09,44.9870646,57.31030765,94.52198111
2018-07-10,44.9327723,57.25021885,94.77255484
2018-07-11,44.34972031,57.30285862,94.64262772
2018-07-12,45.09328864,58.77180616,96.69362015
2018-07-13,45.16410468,59.03699141,97.84440322
2018-07-16,45.06496223,58.79067702,97.36181677
2018-07-17,45.19243109,59.53259981,98.32698968
2018-07-18,44.94457498,59.38759214,97.55670745
2018-07-19,45.29393407,58.94462351,96.88851083
2018-07-20,45.19007055,58.84282019,98.62396595
2018-07-23,45.23019964,59.86532288,100.2016524
2018-07-24,45.55831392,61.97985249,99.91395666
2018-07-25,45.98793118,62.75554419,102.8558779
2018-07-26,45.84393858,62.98547073,101.7329364
2018-07-27,45.08148597,61.50410816,99.93251768
2018-07-30,44.88320108,60.59085782,98.18778205
2018-07-31,44.9186091,60.44932636,98.44763629
2018-08-01,47.56476816,60.5858918,98.63324646
2018-08-02,48.95512292,60.89080518,99.83043209
2018-08-03,49.09675499,60.76963439,100.266616
2018-08-06,49.3516927,60.82227416,100.3501406
2018-08-07,48.88902796,61.68884396,101.0461787
2018-08-08,48.92207544,61.8571919,101.6122898
2018-08-09,49.30684255,62.03050586,101.7793389
2018-08-10,49.15997619,61.45991062,101.1575448
2018-08-13,49.47739713,61.3307942,100.4243846
2018-08-14,49.68585268,61.68288474,101.6772533
2018-08-15,49.80192451,60.3063051,100.2984514
2018-08-16,50.53151892,59.91448644,100.279819
2018-08-17,51.54063325,59.63986575,100.2239217
2018-08-20,51.0384449,59.97805144,99.56246986
2018-08-21,50.93895475,59.67264146,98.73332606
2018-08-22,50.94132357,59.95620097,99.73947809
2018-08-23,51.04555134,59.85936366,100.2052892
2018-08-24,51.20426181,60.6176743,100.9878519
2018-08-27,51.62591052,61.66897989,102.1057986
2018-08-28,52.04282161,61.13910598,102.7206693
2018-08-29,52.81979227,62.04043789,104.3603244
2018-08-30,53.30539894,61.53489746,104.2951109
2018-08-31,53.92129032,60.49551031,104.6491273
2018-09-03,,,
2018-09-04,54.09421367,59.44321152,104.0715215
2018-09-05,53.74126053,58.92078664,101.0716979
2018-09-06,52.84821803,58.17389783,101.3046035
2018-09-07,52.42183169,57.84564417,100.8108437
2018-09-10,51.71829423,57.83620874,101.9008417
2018-09-11,53.02587901,58.46788598,103.6336591
2018-09-12,52.36734899,57.74582725,104.0715215
2018-09-13,53.63229513,58.36707585,105.1894682
2018-09-14,53.02351019,58.2280274,105.6180145
2018-09-17,51.61169764,57.40962797,104.4721191
2018-09-18,51.69697491,57.666371,105.4689549
2018-09-19,51.72776948,58.15651677,104.0622053
2018-09-20,52.12099244,58.9401541,105.8043389
2018-09-21,51.55958376,57.90821597,106.4471583
2018-09-24,52.30102223,58.26974194,106.8291234
2018-09-25,52.63265605,58.82990854,106.6241665
2018-09-26,52.21337615,58.62332228,106.1863041
2018-09-27,53.28644844,59.32601354,106.5869016
2018-09-28,53.47358466,59.26791116,106.5496367
2018-10-01,53.83364424,59.35928585,107.7048483
2018-10-02,54.31214446,59.59765462,107.2763021
2018-10-03,54.97304329,59.73868947,107.2949345
2018-10-04,54.00656759,58.01250231,105.0776736
2018-10-05,53.13010678,57.47418618,104.4628029
2018-10-08,53.0069285,57.05803404,103.2703264
2018-10-09,53.74126053,56.55398341,104.5839138
2018-10-10,51.25163807,53.6935582,98.90101806
2018-10-11,50.59962229,53.55599955,98.43520694
2018-10-12,52.61370554,55.12675041,102.0778499
2018-10-15,51.48851937,54.24130976,100.2425541
2018-10-16,52.6231808,55.6829442,103.4100698
2018-10-17,52.39577475,55.40534391,103.1398993
2018-10-18,51.17109843,54.02876428,101.0810141
2018-10-19,51.9504379,54.45037903,101.2300737
2018-10-22,52.26785885,54.68378179,102.1337473
2018-10-23,52.76057195,54.80942199,100.7083652
2018-10-24,50.95079882,52.17842671,95.32358862
2018-10-25,52.06650974,54.40618149,100.8946897
2018-10-26,51.23742519,53.20937164,99.64631586
2018-10-29,49.42267755,50.19549652,94.82051261
2018-10-30,50.52678129,51.45835439,96.63717599
2018-10-31,51.84384132,53.47257048,99.50657252
2018-11-01,52.63976249,53.1363712,98.67742872
2018-11-02,49.14813212,52.53002065,98.90101806
2018-11-05,47.75290127,51.65103581,100.1587081
2018-11-06,48.2693025,52.43169353,100.3543488
2018-11-07,49.73322894,54.29792234,104.3044271
2018-11-08,49.55970131,53.75215718,104.1087864
2018-11-09,48.60411591,52.94517958,102.0778499
2018-11-12,46.15572547,51.57853198,99.56246986
2018-11-13,45.69457232,51.45040877,99.62768342
2018-11-14,44.40381891,51.82832259,98.21485719
2018-11-15,45.49965191,52.87366895,100.3762016
2018-11-16,46.00359247,52.71376324,101.321205
2018-11-19,44.18037357,50.6533632,97.88738077
2018-11-20,42.06952821,50.93940572,95.16464823
2018-11-21,42.02198665,51.52787862,96.47455392
2018-11-22,,,
2018-11-23,40.95467858,50.84604462,96.43712804
2018-11-26,41.50853778,52.07463698,99.61832757
2018-11-27,41.41820881,51.86556771,100.245211
2018-11-28,43.01085114,53.9423556,103.9690858
2018-11-29,42.68043729,54.04515213,103.0989341
2018-11-30,42.44986071,54.34956891,103.753887
2018-12-03,43.93315744,54.94549083,104.8766633
2018-12-04,42.00059295,52.18388933,101.5364038
2018-12-05,,,
2018-12-06,41.53230856,53.0733028,102.1632872
2018-12-07,40.05138891,51.47672865,98.07451015
2018-12-10,40.31524458,51.62421933,100.6662521
2018-12-11,40.084668,52.23007328,101.601899
2018-12-12,40.19639067,52.82251899,102.060366
2018-12-13,40.63615012,52.7341239,102.4065554
2018-12-14,39.3358884,51.75085274,99.20664293
2018-12-17,38.96981837,50.48104244,96.2687116
2018-12-18,39.47613601,51.08590319,97.27921027
2018-12-19,38.24480955,50.80284028,97.01722913
2018-12-20,37.27971584,50.12746211,94.97751885
2018-12-21,35.8296982,48.64411313,91.90859695
2018-12-24,34.90263774,48.4792414,88.07244458
2018-12-26,37.3605365,51.61974991,94.08865428
2018-12-27,37.11807453,51.83924782,94.66875537
2018-12-28,37.13709116,51.50155873,93.9295943
2018-12-31,37.49602995,51.4285583,95.03365766
2019-01-02,37.53881736,51.93707834,94.61261655
2019-01-03,33.7996735,50.45770217,91.13201001
2019-01-04,35.24255991,53.17162991,95.37049056
2019-01-07,35.16411633,53.05641834,95.49212466
2019-01-08,35.83445236,53.448237,96.18450338
2019-01-09,36.44298435,53.36778755,97.55990435
2019-01-10,36.55946118,53.15275905,96.93302091
2019-01-11,36.20052238,52.50022455,96.18450338
2019-01-14,35.6561715,51.87947255,95.48276819
2019-01-15,36.38593448,53.49144134,98.25228307
2019-01-16,36.83044808,53.68114316,98.59847243
2019-01-17,37.04913927,54.12460838,99.29085115
2019-01-18,37.27733876,54.53976732,100.7785298
2019-01-21,,,
2019-01-22,36.44060727,53.16219448,98.87916651
2019-01-23,36.58798612,53.41297829,99.84288283
2019-01-24,36.29798259,53.33004582,99.3657029
2019-01-25,37.50078411,54.17873796,100.2732804
2019-01-28,37.1537307,53.14034401,98.31777835
2019-01-29,36.76864405,52.6705589,96.31549394
2019-01-30,39.2812156,54.08289385,99.53411935
2019-01-31,39.5640879,55.43911282,97.70960786
2019-02-01,39.58310452,55.16002272,96.16579044
2019-02-04,40.70746246,56.25502925,98.93530532
2019-02-05,41.40394635,56.91004676,100.3200628
2019-02-06,41.41820881,55.38250024,99.20664293
2019-02-07,40.63377304,54.56211439,98.49555127
2019-02-08,40.68151919,54.38085481,98.86981004
2019-02-11,40.44756644,54.3783718,98.47683833
2019-02-12,40.7961083,55.68741362,100.0112993
2019-02-13,40.62661191,55.62732483,99.93644753
2019-02-14,40.77462284,55.70231167,100.0206557
2019-02-15,40.68390647,55.30403718,101.2557097
2019-02-18,,,
2019-02-19,40.80565739,55.54786857,101.2089273
2019-02-20,41.06825742,55.31148621,100.6827271
2019-02-21,40.83669194,54.47570572,102.8063198
2019-02-22,41.29266108,55.14115186,104.2721626
2019-02-25,41.59345748,55.0929815,104.8547412
2019-02-26,41.61733021,55.37753422,105.5782661
2019-02-27,41.74624295,55.42322157,105.399734
2019-02-28,41.335632,55.61540639,105.268184
2019-03-01,41.77011568,56.66174596,105.7380054
2019-03-04,41.98019571,56.99993165,105.4843019
2019-03-05,41.90380297,57.70659572,104.9581019
2019-03-06,41.6626884,57.49951286,105.005084
2019-03-07,41.18045925,56.77646093,103.7271698
2019-03-08,41.27833744,56.72779397,103.8399269
2019-03-11,42.70831397,58.38842972,106.0198983
2019-03-12,43.18815584,59.25450291,106.7622161
2019-03-13,43.37913768,59.26046213,107.5891017
2019-03-14,43.86136683,58.87460269,107.6736696
2019-03-15,44.43192508,58.82047311,108.9139981
2019-03-18,44.88550695,58.81054108,110.4738052
2019-03-19,44.52980327,59.53508282,110.5489766
2019-03-20,44.91892877,60.78254604,110.426823
2019-03-21,46.57330896,61.15847345,112.9638586
2019-03-22,45.60885067,59.86532288,109.9851909
2019-03-25,45.0573906,59.24457088,110.558373
2019-03-26,44.59187237,58.82841874,110.7932837
2019-03-27,44.99293423,58.25236088,109.7220909
2019-03-28,45.05261606,58.02740036,109.8724338
2019-03-29,45.34625064,58.26676233,110.821473
2019-04-01,45.65420885,59.31558491,111.8362872
2019-04-02,46.31787075,59.61652548,111.9960265
2019-04-03,46.63537806,59.88618015,112.7289479
2019-04-04,46.71654534,60.3370944,112.1557658
2019-04-05,47.0292781,59.94726214,112.6537765
2019-04-08,47.76933273,59.78288701,112.6913622
2019-04-09,47.62609635,59.45562656,112.0805944
2019-04-10,47.89347093,59.69945795,112.9356693
2019-04-11,47.49479634,59.82162194,113.0672193
2019-04-12,47.47569815,60.47961906,113.6497979
2019-04-15,47.56163998,60.64002138,113.7437622
2019-04-16,47.56641453,60.93947214,113.4806622
2019-04-17,48.49267645,61.39684221,114.420305
2019-04-18,48.66694738,61.39833202,115.9237335
2019-04-22,48.82689467,62.01759421,116.2901942
2019-04-23,49.5311402,62.79775533,117.8687941
2019-04-24,49.45474747,62.37316096,117.4647477
2019-04-25,49.00594014,62.74312915,121.3548689
2019-04-26,48.77198739,63.17666235,122.0502046
2019-04-29,48.84599285,63.94142881,121.9374475
2019-04-30,47.90540729,59.02010696,122.717351
2019-05-01,50.2568712,58.00703969,120.1615225
2019-05-02,49.9298148,57.73539862,118.5923191
2019-05-03,50.55050578,58.86715366,121.1199582
2019-05-06,49.7698675,59.0652977,120.4152261
2019-05-07,48.42822008,58.30599386,117.9439655
2019-05-08,48.43776917,57.9171548,117.9345691
2019-05-09,47.91734366,57.72397678,117.9251727
2019-05-10,47.2535225,57.81783448,119.4567904
2019-05-13,44.50717212,56.21679092,115.9049406
2019-05-14,45.21173322,55.64122967,117.2016477
2019-05-15,45.7533346,57.81485487,118.8521097
2019-05-16,45.55203143,58.54833544,121.5965918
2019-05-17,45.29321307,57.72000397,120.7855078
2019-05-20,43.87690149,56.55547322,119.0407339
2019-05-21,44.71806116,57.09080974,119.6820562
2019-05-22,43.80261103,57.17970143,120.4082593
2019-05-23,43.05491355,56.65082072,119.003009
2019-05-24,42.88955737,56.28830156,119.0595963
2019-05-28,42.71221886,56.32207046,118.9841466
2019-05-29,42.50851923,55.44358223,117.833539
2019-05-30,42.72899413,55.51757587,118.5786046
2019-05-31,41.95493551,54.80644238,116.6452065
2019-06-03,41.53076098,51.4593476,113.0236218
2019-06-04,43.05012061,52.29463149,116.1547836
2019-06-05,43.74509584,51.75681196,118.6729167
2019-06-06,44.38734881,51.86209149,120.5497275
2019-06-07,45.56880669,52.93971697,123.9261007
2019-06-10,46.15114801,53.65184366,125.0578459
2019-06-11,46.68555999,53.5694078,124.5862854
2019-06-12,46.53697908,53.48548212,124.0109816
2019-06-13,46.52739321,54.0684924,124.793772
2019-06-14,46.18949147,53.89865466,124.9163778
2019-06-17,46.46508509,54.2537248,125.2936262
2019-06-18,47.55787372,54.80495258,127.4722357
2019-06-19,47.41887868,54.74188417,127.9720898
2019-06-20,47.79991682,55.19329503,129.1604223
2019-06-21,47.63695711,55.7127403,129.1792847
2019-06-24,47.58902779,55.39690168,129.9432128
2019-06-25,46.86769143,53.94831482,125.8406364
2019-06-26,47.88139667,53.62304077,126.3121969
2019-06-27,47.86701788,53.43482876,126.5196835
2019-06-28,47.43086101,53.67816355,126.3404905
2019-07-01,48.30077828,54.52437267,127.9626586
2019-07-02,48.5835613,55.1848528,128.8114675
2019-07-03,48.98616764,55.69784225,129.641414
2019-07-05,48.94303124,56.19494045,129.2641656
2019-07-08,47.93411893,55.43811962,129.1698535
2019-07-09,48.22648782,55.85923777,128.698293
2019-07-10,48.70338461,56.63641928,130.0092312
2019-07-11,48.3487076,56.82165167,130.5279478
2019-07-12,48.72015988,56.85591718,130.9995083
2019-07-15,49.17788494,57.12606845,130.9995083
2019-07-16,49.00773584,57.28696737,129.2830281
2019-07-17,48.73214221,56.92792442,128.5191
2019-07-18,49.28572593,56.92693121,128.6605682
2019-07-19,48.55001077,56.12094682,128.8491924
2019-07-22,49.65957467,56.51673829,130.5562414
2019-07-23,50.04780221,56.92097199,131.3673255
2019-07-24,50.00706228,56.50382665,132.7159885
2019-07-25,49.61164534,56.22126034,132.2161344
2019-07-26,49.78419092,62.09556067,133.3007236
2019-07-29,50.24910538,61.54929891,133.008356
2019-07-30,50.03342341,60.84064842,132.3670338
2019-07-31,51.05431806,60.42052347,128.5191
2019-08-01,49.94954709,60.03963004,130.2072866
2019-08-02,48.89270545,59.29373444,129.1132663
2019-08-05,46.33327944,57.22439557,124.6900287
2019-08-06,47.21038611,58.09990419,127.0289688
2019-08-07,47.69926524,58.30053124,127.5854102
2019-08-08,48.75131394,59.83056077,130.9900771
2019-08-09,48.34958359,58.99676668,129.8771943
2019-08-12,48.22689944,58.33628655,128.0664019
2019-08-13,50.26922973,59.45661976,130.716572
2019-08-14,48.77296419,57.81882769,126.7801238
2019-08-15,48.53000146,57.96631836,126.4962453
2019-08-16,49.67505354,58.47980442,128.8145862
2019-08-19,50.60119861,59.51521875,130.9720625
2019-08-20,50.60360418,58.73257463,129.8838617
2019-08-21,51.1520745,59.1576656,131.3316419
2019-08-22,51.10877421,59.07225012,130.3759177
2019-08-23,48.7465029,57.17324561,126.2218295
2019-08-26,49.67264797,58.04726442,128.1711283
2019-08-27,49.11214979,57.99512125,128.4455442
2019-08-28,49.44171309,58.15304056,128.2752171
2019-08-29,50.27885201,59.23712186,130.6976467
2019-08-30,50.21390158,59.0012361,130.4516187
2019-09-02,,,
2019-09-03,49.48260781,58.02243434,128.7294226
2019-09-04,50.3221523,58.66900963,130.2339785
2019-09-05,51.30603108,60.15732462,132.5239315
2019-09-06,51.30121994,59.83701659,131.624983
2019-09-09,51.52012696,59.81119331,130.1298897
2019-09-10,52.12873657,59.89015296,128.7672731
2019-09-11,53.7861754,60.59383743,128.8051235
2019-09-12,53.66469404,61.29305248,130.1298897
2019-09-13,52.62187875,61.55674793,129.9406374
2019-09-16,52.89851948,61.14655501,129.0038385
2019-09-17,53.09096521,61.03978566,130.0068757
2019-09-18,53.58891853,61.20167779,131.0761513
2019-09-19,53.15351007,61.51453679,133.4891183
2019-09-20,52.37651045,61.07852059,131.9467119
2019-09-23,52.61466204,61.28212724,131.6628335
2019-09-24,52.36448259,60.5238166,129.9974131
2019-09-25,53.17034907,61.90238264,131.871011
2019-09-26,52.89611391,61.64762602,132.0413381
2019-09-27,52.63871775,60.83816541,130.3286047
2019-09-30,53.87758713,60.53573504,131.5587447
2019-10-01,54.02673256,59.84545882,129.704072
2019-10-02,52.67239575,58.43163406,127.4141191
2019-10-03,53.11983207,58.98782785,128.9565254
2019-10-04,54.60888089,60.03913344,130.6976467
2019-10-07,54.62090875,59.97358203,129.7513851
2019-10-08,53.9810267,59.05238606,128.3793058
2019-10-09,54.61369203,59.70690697,130.8111981
2019-10-10,55.34979694,60.02274559,131.624983
2019-10-11,56.82200676,60.35944147,132.1738147
2019-10-14,56.74021733,60.44336714,132.0508007
2019-10-15,56.60791089,61.72807548,133.9669804
2019-10-16,56.37938159,61.75936138,132.8645856
2019-10-17,56.5982886,62.22765669,132.1832773
2019-10-18,56.8701182,61.85123268,130.025801
2019-10-21,57.85640255,61.88400838,130.9909878
2019-10-22,57.72409611,61.71764685,129.0416889
2019-10-23,58.49869017,62.52859726,129.8649365
2019-10-24,58.59491303,62.62096516,132.4198427
2019-10-25,59.31658451,62.82655822,133.1673893
2019-10-28,59.9107607,64.0616064,136.4414543
2019-10-29,58.52515146,62.70191122,135.1545386
2019-10-30,58.51793474,62.63586321,136.8388842
2019-10-31,59.84099912,62.57726422,135.6655199
2019-11-01,61.53933267,63.2541322,135.9967114
2019-11-04,61.9434687,64.12964082,136.7821085
2019-11-05,61.85446255,64.16241652,136.696945
2019-11-06,61.88092384,64.15099469,136.3184403
2019-11-07,62.59510955,64.99819702,136.5076926
2019-11-08,62.76641791,65.12284402,138.1163373
2019-11-11,63.26345344,64.51798327,138.2582765
2019-11-12,63.20554638,64.49861581,139.1666876
2019-11-13,63.81115763,64.45888768,139.3937904
2019-11-14,63.36961636,65.12731343,140.1034866
2019-11-15,64.12240803,66.28985778,141.9108462
2019-11-18,64.4457224,65.58617331,142.2609629
2019-11-19,64.2502861,65.32595407,142.308276
2019-11-20,63.50232002,64.70967149,142.0614101
2019-11-21,63.21761035,64.62524922,141.9284827
2019-11-22,63.1621161,64.32679165,142.0329256
2019-11-25,64.26958845,64.89043447,143.5900751
2019-11-26,63.76772734,65.23110317,144.3496603
2019-11-27,64.62426914,65.20329348,144.6250099
2019-11-29,64.48191431,64.80452239,143.7324974
2019-12-02,63.73636102,64.05763359,141.9949464
2019-12-03,62.59993514,64.32381204,141.7670708
2019-12-04,63.15246492,65.57822769,142.2797908
2019-12-05,64.07897774,65.9551483,142.3557493
2019-12-06,65.31674096,66.5754037,144.0838055
2019-12-09,64.40229211,66.72140457,143.7135077
2019-12-10,64.77868794,66.77603075,143.495127
2019-12-11,65.33121772,66.7939084,144.0363314
2019-12-12,65.49770049,67.05462424,145.4985328
2019-12-13,66.38802141,66.93345345,146.7233638
2019-12-16,67.52444729,67.59591999,147.6728453
2019-12-17,67.65715095,67.29547602,146.8752809
2019-12-18,67.49549376,67.17132562,146.5714468
2019-12-19,67.56305199,67.34116337,147.8437519
2019-12-20,67.42310995,67.02085533,149.4578703
2019-12-23,68.52334392,66.98361021,149.4578703
2019-12-24,68.58848935,66.72140457,149.4293859
2019-12-26,69.94930506,67.55768166,150.6542169
2019-12-27,69.92276432,67.1350737,150.9295665
2019-12-30,70.33776486,66.35292618,149.628777
2019-12-31,70.85168994,66.39662712,149.7332199
2020-01-02,72.46826178,67.90381298,152.5057057
2020-01-03,71.76372599,67.57059331,150.6067428
2020-01-06,72.33555812,69.23669167,150.9960302
2020-01-07,71.9953542,69.19348733,149.6192822
2020-01-08,73.15349522,69.73875589,152.0024805
2020-01-09,74.70733443,70.50898497,153.9014434
2020-01-10,74.87623,71.00062056,153.1893323
2020-01-13,76.47591228,71.47239208,155.0313263
2020-01-14,75.44323654,71.05772974,153.9394226
2020-01-15,75.11992217,71.47090227,154.9363781
2020-01-16,76.06091175,72.09165427,157.7753276
2020-01-17,76.90297679,73.51640426,158.6583453
2020-01-21,76.38181333,73.7155415,158.0886564
2020-01-22,76.65445903,73.79251475,157.3290713
2020-01-23,77.02361648,73.82727686,158.2975423
2020-01-24,76.80163945,72.83705327,156.7024136
2020-01-27,74.54326445,71.20770342,154.0818448
2020-01-28,76.65204623,72.13436201,157.1011958
2020-01-29,78.25655411,72.43579918,159.5508578
2020-01-30,78.1431528,72.29724733,164.0513997
2020-01-31,74.6783809,71.22409128,161.6302221
2020-02-03,74.47329343,73.79201815,165.57057
2020-02-04,76.93193031,71.86172773,171.0205934
2020-02-05,77.5592567,71.91933352,170.8117075
2020-02-06,78.46646717,73.309818,174.3532732
2020-02-07,77.39990196,73.45879848,174.6001383
2020-02-10,77.76751703,74.92129019,179.167144
2020-02-11,77.29832411,74.92675281,175.1223531
2020-02-12,79.13398094,75.39753112,175.3787131
2020-02-13,78.57046574,75.21825795,174.4292317
2020-02-14,78.5898139,75.52019172,175.9863812
2020-02-18,77.15079438,75.46705535,177.7714063
2020-02-19,78.26815071,75.81566967,178.3045685
2020-02-20,77.46520201,75.3915719,175.5816346
2020-02-21,75.71177486,73.75080022,170.0310385
2020-02-24,72.11543532,70.59638685,162.7000626
2020-02-25,69.67272992,68.95064915,160.0152116
2020-02-26,70.77799365,69.18554171,162.0145687
2020-02-27,66.15136451,65.45656029,150.5991919
2020-02-28,66.11266819,66.51134209,154.2456383
2020-03-02,72.2678021,68.98342486,164.5090047
2020-03-03,69.97262643,66.61364202,156.6258253
2020-03-04,73.21828053,68.85480504,162.3763571
2020-03-05,70.8432937,65.50373745,158.301477
2020-03-06,69.90248934,64.47924835,153.8267254
2020-03-09,64.37375216,60.36490409,143.4015064
2020-03-10,69.01005539,63.58437226,153.2078768
2020-03-11,66.61330187,60.35745507,146.2672515
2020-03-12,60.03492692,55.36660899,132.3955217
2020-03-13,67.227606,60.57198696,151.2180405
2020-03-16,58.57897776,53.84800129,128.9299694
2020-03-17,61.15470178,55.60944717,139.5456034
2020-03-18,59.65763777,54.46726349,133.6713019
2020-03-19,59.20053746,55.38547985,135.8705947
2020-03-20,55.44215706,53.25158277,130.7674738
2020-03-23,54.26433773,52.47191826,129.4631313
2020-03-24,59.7084267,56.33746511,141.2307758
2020-03-25,59.37950795,54.7498298,139.8788296
2020-03-26,62.50423605,57.69269088,148.628397
2020-03-27,59.91641943,55.15803631,142.5255976
2020-03-30,61.62631322,56.95126469,152.5509452
2020-03-31,61.50055017,57.74533065,150.1517167
2020-04-01,58.26457014,54.9052661,144.8200978
2020-04-02,59.23681526,55.66109373,147.8191334
2020-04-03,58.38549615,54.52089646,146.4576665
2020-04-06,63.47889969,58.94263711,157.3494022
2020-04-07,62.74366955,58.92227644,155.6547091
2020-04-08,64.34956696,60.10269844,157.2161117
2020-04-09,64.81392284,60.16080083,157.2256325
2020-04-13,66.08606447,60.46422441,157.5779001
2020-04-14,69.42362234,63.03016488,165.3753928
2020-04-15,68.78997005,62.6944622,163.6426166
2020-04-16,69.33655561,62.74412236,168.5553226
2020-04-17,68.39575126,63.72640032,170.0405593
2020-04-20,66.9760799,62.90005526,166.6702145
2020-04-21,64.90582661,60.40363901,159.7771929
2020-04-22,66.77534272,62.73121071,165.2040193
2020-04-23,66.51656106,63.38175881,163.2046622
2020-04-24,68.4368661,63.53073929,166.1846563
2020-04-27,68.4852365,63.36040494,165.7086189
2020-04-28,67.37513573,61.26424959,161.6718218
2020-04-29,69.58808171,66.61811144,168.9266318
2020-04-30,71.05612348,66.97467139,170.6213249
2020-05-01,69.91216342,65.5817039,166.2036978
2020-05-04,70.90133818,65.88910029,170.2690572
2020-05-05,71.96548707,67.09633878,172.0970408
2020-05-06,72.70797277,66.90713357,173.791734
2020-05-07,73.46013255,68.16154921,174.8009333
2020-05-08,75.20860597,68.94667634,175.8291741
2020-05-11,76.39203872,69.68611612,177.7904482
2020-05-12,75.51901456,68.31946852,173.7631717
2020-05-13,74.60718933,67.00794369,171.1354453
2020-05-14,75.06552701,67.34563278,171.8780636
2020-05-15,74.62173973,68.19283511,174.3820204
2020-05-18,76.37991338,68.72668183,176.0481513
2020-05-19,75.93855117,68.20748486,174.8294955
2020-05-20,77.41541703,69.85794028,177.2545016
2020-05-21,76.83825106,69.66327245,175.1254617
2020-05-22,77.33296475,70.04168287,175.2018398
2020-05-26,76.80915026,70.36943992,173.3496706
2020-05-27,77.14380952,70.41016125,173.578805
2020-05-28,77.17776046,70.35503848,173.1873671
2020-05-29,77.10258338,70.96039583,174.953611
2020-06-01,78.05078461,71.10441029,174.5526259
2020-06-02,78.41211961,71.47189548,176.5384568
2020-06-03,78.84378156,71.33086062,176.9680837
2020-06-04,78.16476277,70.12908475,174.6385513
2020-06-05,80.39097437,71.43067754,178.7247802
2020-06-08,80.86628752,71.83888406,179.8322628
2020-06-09,83.41988317,72.31313859,181.2070688
2020-06-10,85.56606756,72.79434554,187.9283426
2020-06-11,81.45800389,69.71491901,177.8368847
2020-06-12,82.16127335,70.17874491,179.2403325
2020-06-15,83.17737646,70.50997818,180.3860041
2020-06-16,85.38176246,71.64570604,184.8063873
2020-06-17,85.26293417,72.06285138,185.446054
2020-06-18,85.29688511,71.31000335,187.4318849
2020-06-19,84.80944662,71.09944428,186.314855
2020-06-22,87.02838302,72.0995999,191.489472
2020-06-23,88.88598442,72.72283491,192.7688054
2020-06-24,87.316966,71.11185932,188.883069
2020-06-25,88.47614808,71.57667841,191.269885
2020-06-26,85.75764786,67.53285158,187.4414321
2020-06-29,87.73407754,69.2744334,189.4559048
2020-06-30,88.46644781,70.20009878,194.2963676
2020-07-01,88.29911818,71.41329649,195.432492
2020-07-02,88.29911818,72.73723635,196.9218652
2020-07-03,,,
2020-07-06,90.66113353,74.27670131,201.1608504
2020-07-07,90.37982575,73.75427643,198.8217707
2020-07-08,92.48478399,74.29159936,203.1944176
2020-07-09,92.81459312,75.03600516,204.6169599
2020-07-10,93.04497449,76.56305508,203.9963878
2020-07-13,92.61573762,75.05338621,197.6951936
2020-07-14,94.14838002,75.51224609,198.9172434
2020-07-15,94.79587294,75.16760458,198.6212782
2020-07-16,93.62941566,75.38412288,194.6878054
2020-07-17,93.44026043,75.26245549,193.69489
2020-07-20,95.40941492,77.75390572,202.0201041
2020-07-21,94.09260348,77.39138655,199.2991339
2020-07-22,94.35693579,77.89146436,202.1633131
2020-07-23,90.06214196,75.26891131,193.370283
2020-07-24,89.83903579,75.0797061,192.1864223
2020-07-27,91.9682447,75.98997683,194.6209746
2020-07-28,90.4574279,74.50712445,192.8738253
2020-07-29,92.19135087,75.58375672,194.8214671
2020-07-30,93.30688174,76.05205203,194.6687109
2020-07-31,103.075052,73.64403087,195.7284572
2020-08-03,105.6722989,73.22142291,206.7364525
2020-08-04,106.3779934,72.7506446,203.6335917
2020-08-05,106.7635791,73.17970838,203.2994375
2020-08-06,110.4884821,74.49520602,206.5550545
2020-08-07,107.9764386,74.21661252,202.8602633
2020-08-10,109.5458565,74.29656538,198.8217707
2020-08-11,106.2879781,73.51292805,194.1722532
2020-08-12,109.8203832,74.81899026,199.7192135
2020-08-13,111.7639348,75.40646995,199.2513976
2020-08-14,111.6643277,74.87411304,199.4423429
2020-08-17,111.372795,75.38312968,200.7598653
2020-08-18,112.3008409,77.40032538,201.9150842
2020-08-19,112.4417484,76.8505874,200.6900801
2020-08-20,114.9367827,78.54995808,205.3604072
2020-08-21,120.8597562,78.48391007,203.8674338
2020-08-24,122.3052727,78.87026611,204.5086467
2020-08-25,121.3019142,79.86446252,207.1692019
2020-08-26,122.9515037,82.05745518,211.6481222
2020-08-27,121.4816928,81.16108929,216.8448181
2020-08-28,121.2849082,81.66166371,219.1034189
2020-08-31,125.3979505,81.15364027,215.8399321
2020-09-01,130.3928782,82.47112431,217.5051717
2020-09-02,127.6913414,85.82666132,221.6969817
2020-09-03,117.4682599,81.53403709,207.9635404
2020-09-04,117.546002,79.01130097,205.0445859
2020-09-08,109.6357469,76.09873258,193.9525591
2020-09-09,114.008738,77.31888271,202.2117646
2020-09-10,110.2868367,76.08035832,196.5461219
2020-09-11,108.8388907,75.51919852,195.263696
2020-09-14,112.0991986,75.44768788,196.5844032
2020-09-15,112.2789771,76.54815703,199.8096086
2020-09-16,108.9652216,75.52813734,196.2398709
2020-09-17,107.2257429,74.26825908,194.1918176
2020-09-18,103.8245275,72.503337,191.7800914
2020-09-21,106.9730812,71.07163459,193.837715
2020-09-22,108.6542533,72.77497807,198.5080421
2020-09-23,104.0966248,70.27955503,191.9714982
2020-09-24,105.1655782,70.92910993,194.4597872
2020-09-25,109.1109879,71.75694479,198.8908558
2020-09-28,111.7153471,72.72829752,200.4412512
2020-09-29,110.8699022,72.96716289,198.3549166
2020-09-30,112.5413566,72.98057114,201.2930117
2020-10-01,113.4936968,73.99810781,203.3314946
2020-10-02,109.830102,72.42537055,197.3308899
2020-10-05,113.2118819,73.79599096,201.3408634
2020-10-06,109.9661507,72.17806295,197.0629204
2020-10-07,111.8319602,72.51823505,200.8144946
2020-10-08,111.7250649,73.79152155,201.5322703
2020-10-09,113.6686165,75.24606764,206.5375593
2020-10-12,120.8889108,77.92424006,211.8873807
2020-10-13,117.6820506,78.04988027,213.2846507
2020-10-14,117.7695104,77.87110369,211.3705822
2020-10-15,117.303058,77.42664526,210.2221412
2020-10-16,115.6607569,78.11592828,210.2221412
2020-10-19,112.7065584,76.20897814,205.0158749
2020-10-20,114.1933754,77.26773275,205.4273996
2020-10-21,113.5714389,79.12402953,205.5709548
2020-10-22,112.48305,80.21754625,205.6570878
2020-10-23,111.7930892,81.49232256,206.9395137
2020-10-26,111.8028069,78.98200147,201.0537531
2020-10-27,113.3090594,79.66780828,204.0875517
2020-10-28,108.0614701,75.31559186,193.9716998
2020-10-29,112.0651864,77.82938916,195.9240496
2020-10-30,105.7875147,80.49961596,193.7707226
2020-11-02,105.7000549,80.74890996,193.6367378
2020-11-03,107.3229205,81.94969263,197.5605782
2020-11-04,111.7056294,86.86207566,207.0926392
2020-11-05,115.6704747,87.56923634,213.6961754
2020-11-06,115.5390582,87.48878688,214.1077002
2020-11-09,113.2319762,87.55086208,209.0067077
2020-11-10,112.8912679,86.42804586,201.943795
2020-11-11,116.3178201,87.03985903,207.2457647
2020-11-12,116.0452535,86.89733437,206.1834567
2020-11-13,116.0939261,88.24709752,207.2074833
2020-11-16,117.1063165,88.46361582,207.896548
2020-11-17,116.2204749,87.90593222,205.2455631
2020-11-18,114.8965797,86.74537428,202.539661
2020-11-19,115.4903856,87.59654943,203.8254443
2020-11-20,114.2248976,86.51743415,201.8775785
2020-11-23,110.8275489,86.15342518,201.6089074
2020-11-24,112.112506,87.84286382,205.2071816
2020-11-25,112.949675,87.96949723,205.216777
2020-11-26,,,
2020-11-27,113.4948083,89.05010231,206.5217512
2020-11-30,115.8895011,87.43863012,205.408685
2020-12-01,119.4620712,89.2939337,207.4621002
2020-12-02,119.812514,90.77628947,206.6560867
2020-12-03,119.6762307,90.71769048,205.5718068
2020-12-04,119.0045486,90.77827588,205.6869515
2020-12-07,120.4647271,90.35566792,205.6197837
2020-12-08,121.078002,90.30948397,207.2701922
2020-12-09,118.547026,88.60018126,203.2305296
2020-12-10,119.9682664,88.16317185,202.0023187
2020-12-11,119.1603009,88.48298328,204.6314577
2020-12-14,118.547026,87.40486121,205.5334252
2020-12-15,124.4850852,87.78774104,205.4662574
2020-12-16,124.4169436,87.55086208,210.4078873
2020-12-17,125.2833162,86.80099366,210.5422229
2020-12-18,123.2926061,85.96223356,209.7458049
2020-12-21,124.8257936,86.3773925,213.5839641
2020-12-22,128.3788946,85.58928576,214.8793428
2020-12-23,127.4833184,86.03026798,212.0774866
2020-12-24,128.4665053,86.35156922,213.7374905
2020-12-28,133.0612004,88.20091357,215.8580734
2020-12-29,131.2895171,87.3383166,215.0808462
2020-12-30,130.1700469,86.38484152,212.7107829
2020-12-31,129.167391,86.9986411,213.4208423
2021-01-04,125.9744673,85.82467492,208.8822191
2021-01-05,127.5319911,86.45436575,209.0837224
2021-01-06,123.2390662,86.17477905,203.6623226
2021-01-07,127.4443804,88.75512096,209.4579429
2021-01-08,128.5443815,89.74633775,210.7341309
2021-01-11,125.5558828,87.73559788,208.6903111
2021-01-12,125.3806614,86.73395245,206.2338892
2021-01-13,127.4151768,87.1237847,207.5868403
2021-01-14,125.4877411,86.41761723,204.4011682
2021-01-15,123.7647305,86.21947319,204.0461385
2021-01-18,,,
2021-01-19,124.4364126,88.93439414,207.6827943
2021-01-20,128.5249125,93.7037559,215.2631587
2021-01-21,133.2364218,93.9197776,215.8676688
2021-01-22,135.3780169,94.40644717,216.8080178
2021-01-25,139.1258084,94.3245079,220.2431703
2021-01-26,139.359437,95.21044516,222.9298817
2021-01-27,138.2886394,90.91732433,223.4768194
2021-01-28,133.4505813,92.5223407,229.2628444
2021-01-29,128.4567708,91.16314212,222.574852
2021-02-01,130.5788969,94.42134522,229.9537131
2021-02-02,131.4063314,95.720455,229.8193775
2021-02-03,130.3842064,102.8000074,233.1681714
2021-02-04,133.742617,102.4176242,232.218227
2021-02-05,133.3282827,104.1870157,232.4005396
2021-02-08,133.4745187,103.9342455,232.6596153
2021-02-09,132.5971024,103.46744,233.907017
2021-02-10,131.9926601,104.0569061,232.9954542
2021-02-11,131.7391843,104.0822327,234.5978857
2021-02-12,131.9731619,104.4904393,235.0776556
2021-02-15,,,
2021-02-16,129.8478647,105.3738935,233.8398493
2021-02-17,127.5568332,105.6922151,234.8593036
2021-02-18,126.4551883,105.1404908,234.4649862
2021-02-19,126.6111734,104.3429486,231.7528517
2021-02-22,122.8382833,102.5422712,225.5399479
2021-02-23,122.7017963,102.8392389,224.3473782
2021-02-24,122.2045937,104.0464774,225.5784179
2021-02-25,117.9539991,100.8776626,220.231089
2021-02-26,118.217224,101.1507935,223.4914208
2021-03-01,124.5833668,103.3681196,227.877
2021-03-02,121.9803651,103.0865465,224.9244281
2021-03-03,118.9971496,100.6467429,218.8557868
2021-03-04,117.1155791,101.7581373,218.0575344
2021-03-05,118.3732092,104.7104338,222.741256
2021-03-08,113.4401797,100.5206061,218.6922893
2021-03-09,118.0466153,101.9374104,224.8378706
2021-03-10,116.9693431,102.0531186,223.5298908
2021-03-11,118.8996589,105.0198166,228.0597324
2021-03-12,117.9929954,102.3952771,226.7325177
2021-03-15,120.8787202,102.622224,225.8284729
2021-03-16,122.4190732,103.914878,228.6175473
2021-03-17,121.6293986,103.8433674,227.973175
2021-03-18,117.5055419,101.119011,221.8949162
2021-03-19,116.9790921,101.4656389,221.5390687
2021-03-22,120.293776,101.2367056,226.9633377
2021-03-23,119.465105,101.9503221,228.4925199
2021-03-24,117.0765828,101.5580068,226.4536103
2021-03-25,117.5640363,101.5232447,223.4529509
2021-03-26,118.1684787,101.0857387,227.4345951
2021-03-29,118.3439619,102.098806,226.2420253
2021-03-30,116.8913505,102.0784453,222.9816934
2021-03-31,119.0848913,102.7284968,226.7517527
2021-04-01,119.9135622,106.161007,233.0800665
2021-04-05,122.7407926,110.5211691,239.5430252
2021-04-06,123.0430137,110.481441,238.3793079
2021-04-07,124.6906066,111.7194687,240.3412775
2021-04-08,127.0888778,112.5021129,243.5631394
2021-04-09,129.6577578,113.5171665,246.0636889
2021-04-12,127.946796,111.9732322,246.1213939
2021-04-13,131.0567494,112.592991,248.6027084
2021-04-14,128.7169725,111.9757152,245.8136339
2021-04-15,131.1249928,114.0525031,249.5740757
2021-04-16,130.7935245,114.1071292,250.7666455
2021-04-19,131.4564612,114.3375524,248.8431458
2021-04-20,129.7698721,113.9020328,248.3815059
2021-04-21,130.1500858,113.8851483,250.6127655
2021-04-22,128.6292309,112.6252701,247.3331986
2021-04-23,130.9495096,114.9781684,251.1609629
2021-04-26,131.3394724,115.5462807,251.5456628
2021-04-27,131.0177531,114.5719483,251.9495977
2021-04-28,130.2280784,118.1867114,244.8230316
2021-04-29,130.1305877,120.6687262,242.8514445
2021-04-30,128.1612755,119.6869448,242.5340671
2021-05-03,129.2141751,118.9445254,242.2263071
2021-05-04,124.6418612,116.9124317,238.3119854
2021-05-05,124.885588,117.0360855,237.0424757
2021-05-06,126.4844355,118.258222,240.1777801
2021-05-07,127.158263,119.1193292,242.803357
2021-05-10,123.8770115,116.2872103,237.725318
2021-05-11,122.9590423,114.653391,236.8116557
2021-05-12,119.8926346,111.1930711,229.8582046
2021-05-13,122.0410731,112.3297921,233.7340563
2021-05-14,124.4629493,115.0208762,238.6582154
2021-05-17,123.310605,115.281592,235.8018184
2021-05-18,121.9238856,114.3887023,233.7821438
2021-05-19,121.7676355,114.650908,234.360525
2021-05-20,124.3262304,117.0038064,237.5994661
2021-05-21,122.4902921,116.4580412,236.3366646
2021-05-24,124.1211522,119.5156173,241.7445395
2021-05-25,123.9258396,119.6348017,242.6506719
2021-05-26,123.8770115,120.8494892,242.4289586
2021-05-27,122.3438076,119.309031,240.3275028
2021-05-28,121.6895104,119.7584554,240.6841719
2021-05-31,,,
2021-06-01,121.3672447,120.6647534,238.486319
2021-06-02,122.1289638,120.2411522,238.389922
2021-06-03,120.6445881,119.4133173,236.8572088
2021-06-04,122.939511,121.7547939,241.7541793
2021-06-07,122.9492767,122.466424,244.6653704
2021-06-08,123.7695896,123.2987283,243.4700469
2021-06-09,124.1504491,123.7233226,244.4532968
2021-06-10,123.1543549,125.2230595,247.9717894
2021-06-11,124.365293,124.842166,248.5983703
2021-06-14,127.421935,125.4932107,250.5263114
2021-06-15,126.6016221,125.1763789,249.0514365
2021-06-16,127.0996692,124.842166,248.1067453
2021-06-17,128.7012325,125.5120816,251.4999217
2021-06-18,127.4024038,124.7140428,250.082885
2021-06-21,129.1992796,125.5955107,253.1675908
2021-06-22,130.8399054,126.1363098,255.943826
2021-06-23,130.5664678,125.6019665,255.717293
2021-06-24,130.2832645,126.4168897,257.0813113
2021-06-25,129.9902956,126.1318404,255.4714805
2021-06-28,131.6211557,125.9575332,259.0381716
2021-06-29,133.1348283,125.1619775,261.6216127
2021-06-30,133.750063,124.4642522,261.1396274
2021-07-01,134.0527975,125.5095986,261.8144068
2021-07-02,136.6797519,127.8441227,267.6464288
2021-07-05,,,
2021-07-06,138.6914716,128.8889725,267.6560685
2021-07-07,141.1817071,129.1933892,269.8442817
2021-07-08,139.8828784,128.2990098,267.4247155
2021-07-09,141.7090511,128.693808,267.9259802
2021-07-12,141.1133477,129.6765826,267.3283185
2021-07-13,142.2266295,130.1041566,270.8564508
2021-07-14,145.6543655,131.1847617,272.3313257
2021-07-15,145.0000683,130.3743079,270.9046493
2021-07-16,142.9590517,130.9493725,270.6347375
2021-07-19,139.1113937,128.3754864,267.0294876
2021-07-20,142.7246766,130.2104293,269.2562596
2021-07-21,141.9922544,131.6992409,271.2613184
2021-07-22,143.3594425,132.4222929,275.8305389
2021-07-23,145.0781933,136.8792922,279.233355
2021-07-26,145.4981154,138.6953643,278.6356933
2021-07-27,143.3301456,135.8667215,276.2161271
2021-07-28,141.5820979,135.4545422,275.9076565
2021-07-29,142.2266295,135.6124615,276.1775683
2021-07-30,142.4414733,134.3019299,274.6448551
2021-08-02,142.1094419,135.0652066,274.5580977
2021-08-03,143.9063178,135.3537321,276.7752301
2021-08-04,143.505927,135.1039415,276.187208
2021-08-05,143.6133489,136.0092462,279.0887594
2021-08-06,142.9287313,136.1045937,279.0309212
2021-08-09,142.87983,137.064028,277.9416344
2021-08-10,142.4005972,137.1578857,276.1197301
2021-08-11,142.654884,136.753652,276.6113551
2021-08-12,145.6183031,137.4488942,279.3683109
2021-08-13,145.8236885,137.4652821,282.2987814
2021-08-16,147.7993012,137.9718157,283.9857299
2021-08-17,146.889737,136.367296,282.5204947
2021-08-18,143.1438971,135.641761,280.7916857
2021-08-19,143.4764259,135.9829263,286.6252143
2021-08-20,144.9336848,137.4960714,293.9557578
2021-08-23,146.4202844,140.1404749,294.2358444
2021-08-24,146.3322621,141.4306459,292.2752379
2021-08-25,145.0999492,141.9783974,291.6860902
2021-08-26,144.2979678,141.1570184,288.8659074
2021-08-27,145.3346755,143.5680192,289.4743715
2021-08-30,149.7553534,144.4807729,293.2120794
2021-08-31,148.4936997,144.4733239,291.5605341
2021-09-01,149.1587575,144.8507411,291.5122433
2021-09-02,150.2737072,143.2387723,290.8554884
2021-09-03,150.9094241,143.7909933,290.8458302
2021-09-06,,,
2021-09-07,153.2469065,144.5299365,289.9186469
2021-09-08,151.7016253,143.8987558,289.9476214
2021-09-09,150.6844781,143.9285519,287.088806
2021-09-10,145.6965451,140.9563913,285.6014494
2021-09-13,146.2638003,142.4898971,286.8376938
2021-09-14,144.865223,142.4312981,289.5419786
2021-09-15,145.7552267,144.2190639,294.4000331
2021-09-16,145.5205004,143.3922222,294.7863595
2021-09-17,142.8504892,140.5020009,289.6192439
2021-09-20,139.7990479,138.0721293,284.2396488
2021-09-21,140.2782807,138.6973507,284.7225568
2021-09-22,142.6451038,139.9805692,288.3733413
2021-09-23,143.6035693,140.8625336,289.319841
2021-09-24,143.6915917,141.663552,289.1170196
2021-09-27,142.1756512,140.539246,284.1140927
2021-09-28,138.791681,135.2583846,273.8281523
2021-09-29,139.691465,133.6066877,274.291744
2021-09-30,138.3906903,132.359721,272.2828467
2021-10-01,139.5154203,135.5349917,279.2174056
2021-10-04,136.0825488,132.855826,273.4321678
2021-10-05,138.0092601,135.2514322,278.8890282
2021-10-06,138.8797034,136.4204323,283.0903278
2021-10-07,140.141357,138.239484,284.7708476
2021-10-08,139.7599268,139.1040674,284.7708476
2021-10-11,139.6719045,137.9037813,284.1720417
2021-10-12,138.4004706,135.7837891,282.8681901
2021-10-13,137.8136549,136.9627213,286.180939
2021-10-14,140.6010293,140.4508509,292.400794
2021-10-15,141.6572974,140.7120634,293.8108854
2021-10-18,143.329722,141.9888261,296.7855986
2021-10-19,145.4911597,142.8444706,297.6934657
2021-10-20,145.9801727,141.4470337,296.9014966
2021-10-21,146.1953384,141.8100495,300.1369802
2021-10-22,145.4226978,137.6827936,298.5916746
2021-10-25,145.3737965,137.8297877,297.5968841
2021-10-26,146.0388543,138.7226774,299.5091998
2021-10-27,145.579182,145.4322616,312.1227567
2021-10-28,149.217439,145.1357904,313.2624196
2021-10-29,146.5083068,147.2627351,320.2839019
2021-11-01,145.6867649,142.7967969,318.1108159
2021-11-02,146.7234725,144.8715984,321.7422841
2021-11-03,148.1611709,145.7922977,322.582544
2021-11-04,147.642817,147.6724314,324.939135
2021-11-05,148.1717209,148.2266388,324.572125
2021-11-08,147.34898,148.3363877,325.4703338
2021-11-09,147.7113778,148.2340878,324.4658852
2021-11-10,144.8807573,145.6294124,319.4919328
2021-11-11,144.8317846,145.7505832,321.0662129
2021-11-12,146.908226,148.6283895,325.2095635
2021-11-15,146.9180205,148.3726396,324.5817831
2021-11-16,147.897474,148.0627602,327.9041902
2021-11-17,150.3363131,148.0488554,328.1267334
2021-11-18,154.6263193,149.6846611,330.2070368
2021-11-19,157.2512546,148.9333028,331.9873894
2021-11-22,157.7115977,146.0788369,328.8137173
2021-11-23,158.0935846,145.759522,326.7334139
2021-11-24,158.6126949,145.7202905,326.955958
2021-11-25,,,
2021-11-26,153.5880986,141.8353762,318.9927503
2021-11-29,156.947624,145.1208924,325.7174518
2021-11-30,161.9036586,141.4837822,319.8732507
2021-12-01,161.3845483,140.6554508,319.3797834
2021-12-02,160.3953002,142.7992799,318.8089095
2021-12-03,158.5147496,141.5518167,312.5389719
2021-12-06,161.9232477,142.8191439,315.6158857
2021-12-07,167.662845,147.0303255,324.062885
2021-12-08,171.4827135,147.7096765,324.1112641
2021-12-09,170.9733977,147.0993531,322.301884
2021-12-10,175.7629252,147.6644858,331.4358671
2021-12-13,172.1291528,145.7073789,328.3976566
2021-12-14,170.7481234,143.9851645,317.6961891
2021-12-15,175.6160072,146.3668658,323.8016376
2021-12-16,168.7206547,143.8540617,314.3677037
2021-12-17,167.6236669,141.8323966,313.3033624
2021-12-20,166.2622265,141.4336255,309.5394647
2021-12-21,169.4356558,143.2402621,316.680227
2021-12-22,172.0312075,145.950217,322.3986423
2021-12-23,172.6580577,146.1424019,323.8403409
2021-12-27,176.6248442,147.0576386,331.3487847
2021-12-28,175.6062126,145.4526222,330.1876851
2021-12-29,175.6943634,145.5087382,330.8649932
2021-12-30,174.5386084,145.0101502,328.32025
2021-12-31,173.9215527,143.6961424,325.4175011
2022-01-03,178.2703261,144.0884576,323.8983959
2022-01-04,176.0077886,143.4349299,318.3444697
2022-01-05,171.326001,136.7178967,306.1238969
2022-01-06,168.4659968,136.6160934,303.7049395
2022-01-07,168.6325039,136.0733078,303.8597528
2022-01-10,168.652093,137.6321402,304.0822968
2022-01-11,171.4827135,139.0658291,304.7692807
2022-01-12,171.9234676,140.6852469,307.9526287
2022-01-13,168.652093,138.1853544,294.9192862
2022-01-14,169.5140121,138.8363991,300.1442342
2022-01-17,,,
2022-01-18,166.3111992,135.3641607,292.8389828
2022-01-19,162.8145503,134.7300005,293.4969393
2022-01-20,161.1298903,132.599083,291.8230207
2022-01-21,159.0730381,129.2077907,286.4335836
2022-01-24,158.2992698,129.4858876,286.7625619
2022-01-25,156.4970754,125.8741042,279.1380081
2022-01-26,156.4089246,128.3615816,287.0915401
2022-01-27,155.9485815,128.2433904,290.1200747
2022-01-28,166.8303095,132.3835579,298.2671232
2022-01-31,171.1888775,134.7761844,300.8989489
2022-02-01,171.0223704,136.9413674,298.7509147
2022-02-02,172.2270982,147.0303255,303.2985546
2022-02-03,169.347505,141.6809331,291.4843667
2022-02-04,169.0631023,142.0439489,296.0223308
2022-02-07,168.3471903,137.9936662,291.1940918
2022-02-08,171.4560135,138.2667971,294.6870663
2022-02-09,172.8780305,140.4915722,301.121493
2022-02-10,168.7983129,137.6604465,292.5777354
2022-02-11,165.3854723,133.2183452,285.4756765
2022-02-14,165.6208406,134.380393,285.4369732
2022-02-15,169.4553828,135.4982432,290.729652
2022-02-16,169.2200145,136.553025,290.3902972
2022-02-17,165.6208406,131.4092256,281.8870487
2022-02-18,164.0713325,129.5807385,279.1722146
2022-02-21,,,
2022-02-22,161.1488425,128.5229771,278.968602
2022-02-23,156.9808619,126.7178303,271.745204
2022-02-24,159.5993344,131.7717448,285.6296416
2022-02-25,161.6686143,133.6051979,288.266909
2022-02-28,161.9334036,133.9741729,289.7018928
2022-03-01,160.0504571,133.2560869,285.9786917
2022-03-02,163.3456135,133.835621,291.0593099
2022-03-03,163.0219821,133.3951354,286.9191878
2022-03-04,160.021036,131.2239932,281.043511
2022-03-07,156.2257219,125.6049461,270.4265702
2022-03-08,154.4016174,126.4134135,267.4596443
2022-03-09,159.8052817,132.9561396,279.7248773
2022-03-10,155.4607748,131.780187,276.9033889
2022-03-11,151.7439168,129.5886841,271.5512873
2022-03-14,147.7132343,125.8795668,268.0316987
2022-03-15,152.0969693,128.7792235,278.4159394
2022-03-16,156.5101253,132.7818324,285.4357248
2022-03-17,157.5202476,133.6856473,286.2404792
2022-03-18,160.8154041,135.8716876,291.29201
2022-03-21,162.188386,135.5508829,290.0606388
2022-03-22,165.5619985,139.3240619,294.8115985
2022-03-23,166.9251734,137.5621194,290.3806013
2022-03-24,170.7106805,140.3515306,294.8503819
2022-03-25,171.3481364,140.5596067,294.4431568
2022-03-28,172.2111535,140.9851942,301.2496338
2022-03-29,175.50631,142.2763584,305.8163727
2022-03-30,174.3392754,141.6749739,304.3135181
2022-03-31,171.2402592,138.7003303,298.932329
2022-04-01,170.9460488,139.7436902,300.0085668
2022-04-04,174.9963453,142.6661907,305.3897559
2022-04-05,171.6815748,140.104223,301.4241589
2022-04-06,168.5139095,136.2436422,290.3902972
2022-04-07,168.8179269,135.5374747,292.2034186
2022-04-08,166.8074892,133.0996574,287.9372506
2022-04-11,162.5512454,128.9142991,276.5834263
2022-04-12,164.424385,127.5019642,273.4807587
2022-04-13,167.1115066,129.4004721,278.8716437
2022-04-14,162.1001228,126.3880868,271.3185872
2022-04-18,161.8843685,127.0912747,271.9875999
2022-04-19,164.1694026,129.6438069,276.6222096
2022-04-20,164.0026834,127.373841,277.6499683
2022-04-21,163.2083153,124.0883248,272.2687791
2022-04-22,158.6676682,118.8010076,265.6950021
2022-04-25,159.7366326,122.4122944,272.1815166
2022-04-26,153.7739685,118.6937416,262.0008885
2022-04-27,153.5484072,114.2387287,274.6054757
2022-04-28,160.4819656,118.5998839,280.8205068
2022-04-29,154.6075647,114.1850957,269.078849
2022-05-02,154.9115821,116.3607073,275.8174552
2022-05-03,156.4022481,117.3265974,273.2092753
2022-05-04,162.8160348,121.7418822,281.159861
2022-05-05,153.7445475,115.9529974,268.9140198
2022-05-06,154.4713331,114.8738821,266.3737107
2022-05-09,149.3445505,112.3153907,256.5324368
2022-05-10,151.750799,113.8056921,261.3027883
2022-05-11,143.8838396,113.1864299,252.6250148
2022-05-12,140.0141992,112.3918673,247.5831799
2022-05-13,144.4829464,115.7235674,253.1776775
2022-05-16,142.9409831,114.0122783,253.5461192
2022-05-17,146.5749094,115.9083032,258.7043042
2022-05-18,138.3052716,111.6370329,246.9255823
2022-05-19,134.897238,109.992785,246.012051
2022-05-20,135.1329522,108.5700214,245.4483827
2022-05-23,140.5543774,110.9075251,253.3105834
2022-05-24,137.8534862,105.2060422,252.3095863
2022-05-25,138.010629,105.1201301,255.1279277
2022-05-26,141.2124127,107.5599337,258.4127532
2022-05-27,146.9677663,112.0323278,265.5460726
2022-05-30,,,
2022-05-31,146.1820525,113.2638997,264.2146492
2022-06-01,146.054374,113.3612336,264.7491622
2022-06-02,148.5097296,116.945704,266.8483407
2022-06-03,142.7838403,113.7853314,262.4167417
2022-06-06,143.5302684,116.215203,261.1825026
2022-06-07,146.054374,116.4327145,264.8269096
2022-06-08,145.3177673,116.4411568,262.7957601
2022-06-09,140.0927705,114.1369253,257.3340088
2022-06-10,134.6811667,110.6701496,245.8662747
2022-06-13,129.5249199,106.1500818,235.4384114
2022-06-14,130.3892051,106.4654238,237.6056188
2022-06-15,127.737421,105.9112164,238.0721029
2022-06-16,127.737421,105.9112164,238.0721029
2022-06-17,129.2106344,107.1323598,240.6766391
2022-06-20,,,
2022-06-21,133.4436675,111.2536564,246.5951561
2022-06-22,132.9329535,111.2725273,246.0023326
2022-06-23,135.8008089,111.918606,251.5709865
2022-06-24,139.1302711,117.7323209,260.1620686
2022-06-27,139.1302711,115.8298402,257.4311929
2022-06-28,134.9856308,111.806374,249.2580028
2022-06-29,136.7436655,111.493515,252.9315651
2022-06-30,134.2784884,108.629117,249.5981475
2022-07-01,136.4490228,108.3395983,252.2707126
2022-07-04,,,
2022-07-05,139.0320569,113.1129328,255.4486355
2022-07-06,140.3677704,114.4304169,258.7140242
2022-07-07,143.7365183,118.495101,260.8423579
2022-07-08,144.4141964,119.3517387,260.1231949
2022-07-11,142.2829478,115.7305199,257.061893
2022-07-12,143.2552686,114.0688909,246.5271272
2022-07-13,142.891876,111.4244874,245.6038774
2022-07-14,145.8186599,110.6825646,246.9255823
2022-07-15,147.4883017,112.0005453,249.4912449
2022-07-18,144.4436607,109.1629659,247.0907954
2022-07-19,148.3034798,113.8409531,252.2221205
2022-07-20,150.3070499,113.9204093,254.8849672
2022-07-21,152.5757985,114.2580984,257.3826009
2022-07-22,151.3382993,107.6235009,253.0287493
2022-07-25,150.2186571,107.4745204,251.5418312
2022-07-26,148.8927651,104.7233475,244.8069671
2022-07-27,153.9900834,112.8278858,261.1727841
2022-07-28,154.540083,113.811157,268.6268113
2022-07-29,159.607937,115.8472236,272.8348866
2022-08-01,158.6257948,114.6951078,270.1817583
2022-08-02,157.1525814,115.1122532,267.0815827
2022-08-03,163.163292,117.9726785,274.516173
2022-08-04,162.8490065,118.0620668,275.6629464
2022-08-05,162.5736245,117.4164847,274.9437834
2022-08-08,162.1507167,117.3370284,272.426713
2022-08-09,162.199892,116.7013784,274.3509599
2022-08-10,166.4486401,119.8299685,281.0177951
2022-08-11,165.7110102,119.0056098,278.9380535
2022-08-12,169.2614687,121.8163749,283.6903603
2022-08-15,170.3334907,122.0448117,285.2064336
2022-08-16,170.1761297,121.6773265,284.4678338
2022-08-17,171.6710596,119.5022114,283.7179259
2022-08-18,171.277657,120.0385412,282.5979355
2022-08-19,168.6910349,117.3171643,278.6828385
2022-08-22,164.8061842,114.2878945,270.5020388
2022-08-23,164.471792,113.9899336,269.2262236
2022-08-24,164.7668439,113.9204093,268.5931855
2022-08-25,167.2256102,116.900019,271.573334
2022-08-26,160.9213335,110.5435184,261.0941191
2022-08-29,158.718279,109.5900433,258.3087515
2022-08-30,156.2890179,109.1629659,256.1077268
2022-08-31,154.6268919,108.4081315,254.6468698
2022-09-01,155.3546867,109.798616,253.6047917
2022-09-02,153.2401478,107.9413259,249.3780452
2022-09-05,,,
2022-09-06,151.9812594,106.7494821,246.6413729
2022-09-07,153.3876737,109.7290917,251.3550718
2022-09-08,151.912414,108.6762963,251.7738508
2022-09-09,154.7744179,111.0202559,257.5588449
2022-09-12,160.7344673,111.1096442,259.6916963
2022-09-13,151.30264,104.5942311,245.4142529
2022-09-14,152.7483945,105.1504249,245.638251
2022-09-15,149.8568854,103.1938146,238.9767426
2022-09-16,148.2144296,102.9256497,238.3534436
2022-09-19,151.9320841,103.1441544,238.1391846
2022-09-20,154.3121699,101.1378839,236.1232018
2022-09-21,151.1846192,99.33025403,232.7145352
2022-09-22,150.2207828,99.88644784,234.6915618
2022-09-23,147.9488828,98.49596333,231.7114134
2022-09-26,148.283275,98.13841017,231.2536781
2022-09-27,149.2569464,97.42330385,230.2408172
2022-09-28,147.368614,100.0552924,234.7792133
2022-09-29,140.1300061,97.42330385,231.3023734
2022-09-30,135.9205983,95.4964896,226.8224116
2022-10-03,140.1005009,98.62507975,234.4578247
2022-10-04,143.6902997,101.7139418,242.3854092
2022-10-05,143.9853516,101.5252331,242.6970587
2022-10-06,143.0313503,101.5450972,240.3499483
2022-10-07,137.7794256,98.89324462,228.127444
2022-10-10,138.1039827,98.03908985,223.2676594
2022-10-11,136.6877334,97.38357572,219.5278652
2022-10-12,136.0582892,97.63187653,219.8589928
2022-10-13,140.6315944,99.03229307,228.127444
2022-10-14,136.0976295,96.51948892,222.5956651
2022-10-17,140.0611607,100.0950205,231.3315905
2022-10-18,141.3790594,100.7008745,232.2762781
2022-10-19,141.4872451,99.60835093,230.3089906
2022-10-20,141.024997,99.84671971,229.987602
2022-10-21,144.8410023,100.7902628,235.8018132
2022-10-24,146.9850464,102.2701356,240.7979445
2022-10-25,149.8273802,104.2168139,244.1189596
2022-10-26,146.8866958,94.17552932,225.2836421
2022-10-27,142.4117412,91.97061817,220.8328975
2022-10-28,153.1713023,95.92356699,229.7149087
2022-10-31,150.8108867,94.01661681,226.072505
2022-11-01,148.1652542,89.88489141,222.2158422
2022-11-02,142.6379477,86.47820437,214.3564311
2022-11-03,136.5893827,82.92253684,208.6590884
2022-11-04,136.3233951,86.11071917,215.6127682
2022-11-07,136.8553696,88.04746545,221.9236708
2022-11-08,137.4267496,88.30569829,222.8975756
2022-11-09,132.8655607,86.80596143,218.6513509
2022-11-10,144.6872166,93.52994723,236.6393713
2022-11-11,147.4751571,96.07254747,240.6615978
2022-11-14,146.0762612,95.37730522,235.2466875
2022-11-15,147.810104,98.04902188,235.6557275
2022-11-16,146.5786815,98.31718675,236.0854546
2022-11-17,148.4799979,97.83051717,236.0366222
2022-11-18,149.0415265,97.13527492,235.5873634
2022-11-21,145.8102739,95.17866457,236.3979824
2022-11-22,147.9480233,96.6684694,239.3083976
2022-11-23,148.8247961,98.1483422,241.7988535
2022-11-24,,,
2022-11-25,145.9087877,96.93663427,241.7109551
2022-11-28,142.0766009,95.59580993,236.1147541
2022-11-29,139.07193,94.79131532,234.7181455
2022-11-30,145.8299767,100.7604667,249.1823228
2022-12-01,146.1058153,100.5916221,248.7428306
2022-12-02,145.6132463,100.1446807,249.0651249
2022-12-05,144.4507835,99.19120558,244.3576749
2022-12-06,140.7860702,96.64860534,239.396296
2022-12-07,138.8453483,94.50328638,238.663809
2022-12-08,140.5299343,93.31144252,241.6230566
2022-12-09,140.0472167,92.43742369,239.6892908
2022-12-12,142.3425882,92.92409326,246.6137349
2022-12-13,143.3080234,95.19852864,250.9207587
2022-12-14,141.0816115,94.6621989,251.2137535
2022-12-15,134.4713356,90.58013366,243.1954621
2022-12-16,132.510911,90.24244457,238.9763368
2022-12-19,130.4027157,88.54406706,234.8353434
2022-12-20,130.3337561,89.02080461,236.1538201
2022-12-21,133.4369407,89.63659061,238.722408
2022-12-22,130.2647964,87.6601162,232.6281158
2022-12-23,129.9002954,89.19958119,233.1555065
2022-12-26,,,
2022-12-27,128.0974928,87.33235913,231.4268371
2022-12-28,124.1667923,85.8723504,229.0535791
2022-12-29,127.6837349,88.34542642,235.3822671
2022-12-30,127.998979,88.12692171,234.2200543
2023-01-02,,,
2023-01-03,123.2112084,89.09032883,233.9856585
2023-01-04,124.4820364,88.10705765,223.750373
2023-01-05,123.1619515,86.1802434,217.1189237
2023-01-06,127.6935863,87.56079588,219.677745
2023-01-09,128.2157094,88.19644594,221.8166072
2023-01-10,128.7870894,88.63345535,223.5062106
2023-01-11,131.5060703,91.63292908,230.2646243
2023-01-12,131.4272592,91.28530795,232.9406436
2023-01-13,132.7571955,92.16925882,233.6438312
2023-01-16,,,
2023-01-17,133.9196584,91.53360876,234.7376785
2023-01-18,133.2005076,91.15619153,230.3036903
2023-01-19,133.2596159,93.27171439,226.5142907
2023-01-20,135.8209747,98.60521568,234.6107141
2023-01-23,139.0128218,100.5220979,236.9156066
2023-01-24,140.4117177,98.53569146,236.3882159
2023-01-25,139.7516753,96.07254747,234.9916073
2023-01-26,141.820465,98.4860313,242.2090462
2023-01-27,143.7611869,100.0254963,242.3653101
2023-01-30,140.8747326,97.2842554,237.042571
2023-01-31,142.1455606,99.19120558,242.0234829
2023-02-01,143.2686179,100.7406026,246.8481308
2023-02-02,148.5785117,108.0605103,258.4214259
2023-02-03,152.2038195,104.5048428,252.3173673
2023-02-06,149.4749872,102.7667372,250.7742613
2023-02-07,152.3515902,107.3056759,261.3123081
2023-02-08,149.6621634,99.320322,260.5016891
2023-02-09,148.6277686,94.81117938,257.4643096
2023-02-10,148.9928265,94.21525745,256.9564519
2023-02-13,151.7948902,94.3543059,264.9845098
2023-02-14,151.1535728,94.30464574,265.8146618
2023-02-15,153.2551205,96.44003266,263.6900243
2023-02-16,151.6567603,95.12900441,256.6699089
2023-02-17,150.5122554,93.94709258,252.665408
2023-02-20,,,
2023-02-21,146.496622,91.4243564,247.3880827
2023-02-22,146.9208781,91.1760556,246.2523318
2023-02-23,147.4043327,90.45101725,249.4441835
2023-02-24,144.7502654,88.74270771,244.0102029
2023-02-27,145.9441024,89.48761012,244.9305528
2023-02-28,145.4409149,89.68625077,244.2060221
2023-03-01,143.3689665,89.89482344,241.1218709
2023-03-02,143.9609517,91.68258924,245.8606936
2023-03-03,149.0125594,93.38096674,249.9533132
2023-03-06,151.7751573,94.93036377,251.5002842
2023-03-07,149.5749454,93.52994723,248.8371442
2023-03-08,150.8279809,94.00668477,248.3965512
2023-03-09,148.5784369,92.03021037,247.0453993
2023-03-10,146.5163548,90.39142505,243.3933727
2023-03-13,148.4600398,91.03700715,248.6119522
2023-03-14,150.5517211,93.60940349,255.3383389
2023-03-15,150.9463779,95.89377089,259.8911334
2023-03-16,153.7681744,100.3830494,270.426202
2023-03-17,152.9295286,101.7636019,273.5886807
2023-03-20,155.2974697,101.2372042,266.5391925
2023-03-21,157.1523569,105.1206288,268.0567906
2023-03-22,155.7217258,103.5116396,266.5979382
2023-03-23,156.8070321,105.5377742,271.8556815
2023-03-24,158.1093997,105.3391335,274.7048497
2023-03-27,156.1657148,102.3595239,270.6024392
2023-03-28,155.5441302,100.6710784,269.4764792
2023-03-29,158.6224536,101.2074081,274.646104
2023-03-30,160.1912146,100.6313503,278.1121023
2023-03-31,162.6972856,103.2931349,282.2732586
2023-04-03,163.9503211,104.1969498,281.2256263
2023-04-04,163.4175343,104.4055225,281.1766715
2023-04-05,161.5725136,104.2366779,278.3960401
2023-04-06,162.4604915,108.1598307,285.504274
2023-04-10,159.8656227,106.2230844,283.3404728
2023-04-11,158.6520529,105.3987257,276.9176057
2023-04-12,157.9614034,104.5048428,277.5638088
2023-04-13,163.3484694,107.4546564,283.7810658
2023-04-14,163.0031446,108.7160245,280.1584121
2023-04-17,163.0228775,105.6966867,282.7628064
2023-04-18,164.2463137,104.4055225,282.3417953
2023-04-19,165.3908186,104.3062022,282.4201229
2023-04-20,164.4239093,105.180221,280.1290393
2023-04-21,162.8156826,105.190153,279.7863558
2023-04-24,163.1215417,106.0542398,275.8797644
2023-04-25,161.58238,103.8989888,269.6625074
2023-04-26,161.5725136,103.7400763,289.1954644
2023-04-27,166.1603994,107.633433,298.4577087
2023-04-28,167.4134349,107.4844525,300.836911
2023-05-01,167.3246371,106.9779188,299.1724485
2023-05-02,166.2886629,105.2596773,299.0255841
2023-05-03,165.213223,105.3987257,298.0366976
2023-05-04,163.5753971,104.4949108,299.0255841
2023-05-05,171.2514728,105.49308,304.156045
2023-05-08,171.1824078,107.5043165,302.1978539
2023-05-09,169.475517,107.2063556,300.5823461
2023-05-10,171.2366731,111.5168575,305.7813437
2023-05-11,171.4290684,116.1054564,303.6273334
2023-05-12,170.5003421,117.1185237,302.5111644
2023-05-15,170.0063387,116.1650486,302.9909213
2023-05-16,170.0063387,119.2737747,305.2232592
2023-05-17,170.6189029,120.6543272,308.1080914
2023-05-18,172.9505991,122.6804617,312.543278
2023-05-19,173.0592798,122.4122969,312.3666555
2023-05-22,172.1107933,125.0144893,315.1533656
2023-05-23,169.5024552,122.452025,309.3444487
2023-05-24,169.7790971,120.8132397,307.960906
2023-05-25,170.915305,123.5048204,319.8044241
2023-05-26,173.3260417,124.5774799,326.6436387
2023-05-29,,,
2023-05-30,175.1736145,123.7928493,324.9951623
2023-05-31,175.1242142,122.5314813,322.2280769
2023-06-01,177.9301536,123.5246845,326.3394556
2023-06-02,178.7798395,124.3788392,329.106541
2023-06-05,177.4262701,125.7693237,329.6364084
2023-06-06,177.0607076,127.0406239,327.4188151
2023-06-07,175.6873781,122.1044039,317.3120847
2023-06-08,178.4043969,121.836239,319.1568083
2023-06-09,178.7897196,122.0348796,320.6580994
2023-06-12,181.585779,123.5048204,325.6231533
2023-06-13,181.1115357,123.5842767,328.0173691
2023-06-14,181.7438601,123.5346165,331.0101387
2023-06-15,183.7791542,124.935033,341.5682377
2023-06-16,182.7022267,123.2167915,335.9065062
2023-06-19,,,
2023-06-20,182.7911473,123.0082188,331.7068163
2023-06-21,181.7537401,120.4358225,327.3010668
2023-06-22,184.757281,123.0280829,333.335668
2023-06-23,184.4411188,122.1838601,328.7336713
2023-06-26,183.0480291,118.2805715,322.4341365
2023-06-27,185.8045682,118.2011152,328.2921151
2023-06-28,186.9802964,120.2570459,329.5480972
2023-06-29,187.3162187,119.1943184,328.7631084
2023-06-30,191.6436887,120.1477935,334.1500938
2023-07-03,190.1517984,119.7405802,331.6479421
2023-07-04,,,
2023-07-05,189.0353506,121.7965109,331.8049399
2023-07-06,189.5095939,120.1080654,334.8663961
2023-07-07,188.3931462,119.3234349,330.8923904
2023-07-10,186.347972,116.0756603,325.6035286
2023-07-11,185.8243283,116.909951,326.2315196
2023-07-12,187.4940599,118.8069692,330.8727657
2023-07-13,188.2548252,123.981558,336.2303141
2023-07-14,188.4030262,124.8456448,338.7619028
2023-07-17,191.6634488,124.2099947,339.2427085
2023-07-18,191.4065671,123.2366555,352.7445153
2023-07-19,192.7601364,121.9454914,348.4172647
2023-07-20,190.8137629,118.7175809,340.3613174
2023-07-21,189.6380348,119.4922794,337.319486
2023-07-24,190.4383203,121.0516085,338.6343422
2023-07-25,191.2978863,121.9554234,344.3941972
2023-07-26,192.1673323,128.7787295,331.4320702
2023-07-27,190.9026836,128.9873022,324.5143567
2023-07-28,193.4813814,132.1059603,332.0208118
2023-07-31,194.0939457,132.2052806,329.6167837
2023-08-01,193.2590799,130.9935727,330.0289028
2023-08-02,190.2703592,127.7656622,321.3547769
2023-08-03,188.8772695,127.8947786,320.5305387
2023-08-04,179.8073666,127.6663419,321.629523
2023-08-07,176.7050251,131.0432328,323.9158028
2023-08-08,177.6436316,130.9439125,319.9319848
2023-08-09,176.0529406,129.2653991,316.1836634
2023-08-10,175.8355791,129.3249913,316.8705286
2023-08-11,175.8949399,129.2852631,314.9865555
2023-08-14,177.5471394,130.9339805,317.9597005
2023-08-15,175.558564,129.3845835,315.8206061
2023-08-16,174.6879439,128.2324677,315.053623
2023-08-17,172.1453375,129.5732921,311.5923597
2023-08-18,172.6301146,127.2392645,311.1990343
2023-08-21,173.965725,128.0536912,316.5089268
2023-08-22,175.340909,128.8085256,317.0792486
2023-08-23,179.1894455,132.3046009,321.5434916
2023-08-24,174.4999691,129.533564,314.6307982
2023-08-25,176.7061996,129.8017288,317.5905716
2023-08-28,178.2693584,130.8942524,318.2985573
2023-08-29,182.1574686,134.5691043,322.9299635
2023-08-30,185.6498424,135.9993169,323.3036226
2023-08-31,185.8674974,136.4164623,322.2908098
2023-09-01,187.4405496,135.8702005,323.1757919
2023-09-04,,,
2023-09-05,187.6779915,135.7808122,327.9841946
2023-09-06,180.960366,134.4499199,327.3253746
2023-09-07,175.6673915,135.2742786,324.4049337
2023-09-08,176.2807829,136.2674818,328.6921802
2023-09-11,177.4482053,136.8038115,332.3009405
2023-09-12,174.4208218,135.1451621,326.2338967
2023-09-13,172.3530991,136.5654428,330.4523113
2023-09-14,173.8667909,138.0453155,333.0482587
2023-09-15,173.1445719,137.3600053,324.7097609
2023-09-18,176.0730213,138.0155195,323.5691173
2023-09-19,177.1612965,137.886403,323.1659588
2023-09-20,173.6194556,133.6752214,315.4174489
2023-09-21,172.0760836,130.467175,314.1981403
2023-09-22,172.9269169,130.3579226,311.7201904
2023-09-25,174.2031668,131.2716696,312.2413466
2023-09-26,170.1270818,128.5701568,306.931454
2023-09-27,168.61339,130.5664953,307.5706078
2023-09-28,168.8706187,132.2251447,308.4064242
2023-09-29,169.385076,130.9538446,310.4812155
2023-10-02,171.8980022,134.2512792,316.4302618
2023-10-03,170.5623918,132.3939892,308.1605958
2023-10-04,171.8089615,135.3438028,313.6327351
2023-10-05,173.0456378,135.0657059,314.030977
2023-10-06,175.5981376,137.7870827,321.7991531
2023-10-09,177.0821492,138.5518492,324.3164355
2023-10-10,176.4885446,138.2538882,322.9102973
2023-10-11,177.8835154,140.7368963,326.8730504
2023-10-12,178.7838157,139.3364797,325.6340755
2023-10-13,176.9436414,137.6381022,322.2613104
2023-10-16,176.8150271,139.5351204,327.0893794
2023-10-17,175.2617617,140.031722,326.5190576
2023-10-18,173.965725,138.3333445,324.6015964
2023-10-19,173.5897754,138.0353835,325.7914056
2023-10-20,171.0372755,135.8106083,321.2189982
2023-10-23,171.1559965,136.962724,323.8247788
2023-10-24,171.5913065,139.1676352,325.014588
2023-10-25,169.2762485,125.8090519,334.9853862
2023-10-26,165.1111228,122.6010055,322.4186406
2023-10-27,166.4269464,122.5612773,324.3066023
2023-10-30,168.4748823,124.8953049,331.6814531
2023-10-31,168.949766,124.4483635,332.4681038
2023-11-01,172.1156572,126.7029348,340.2952787
2023-11-02,175.6772849,127.70607,342.5077339
2023-11-03,174.7670912,129.4839038,346.9129781
2023-11-06,177.319591,130.5565633,350.5807372
2023-11-07,179.8819843,131.5001063,354.5139909
2023-11-08,180.9405791,132.3542611,357.1394378
2023-11-09,180.4656955,130.794932,354.6713211
2023-11-10,184.6561199,133.1488237,363.5014757
2023-11-13,183.0710888,132.7316783,360.5613685
2023-11-14,185.6863901,134.5095121,364.0914637
2023-11-15,186.2510574,135.4530551,364.2392594
2023-11-16,187.9351529,137.7572866,370.6437693
2023-11-17,187.91534,136.0092489,364.416615
2023-11-20,189.6588742,136.9825881,371.895112
2023-11-21,188.8564522,137.6778304,367.5893107
2023-11-22,189.520184,139.0683149,372.2990888
2023-11-23,,,
2023-11-24,188.1927205,137.2805491,371.8852589
2023-11-27,188.0144045,137.1117045,373.0479238
2023-11-28,188.6186976,137.6778304,377.0778385
2023-11-29,187.5983338,135.4729192,373.284398
2023-11-30,188.1729076,133.0097752,373.3435166
2023-12-01,189.4508389,132.4138533,369.008156
2023-12-04,187.6577725,129.7421366,363.7170455
2023-12-05,191.6104437,131.4901743,367.0473906
2023-12-06,190.5207349,130.5366992,363.3820403
2023-12-07,192.4524915,137.5089858,365.5004552
2023-12-08,193.8790194,135.711288,368.7322694
2023-12-11,191.3726891,133.7844737,365.8453134
2023-12-12,192.888375,132.7316783,368.8800658
2023-12-13,196.1079694,133.0594354,368.8702127
2023-12-14,196.256566,132.2946689,360.5542029
2023-12-15,195.7216181,132.930319,365.2836871
2023-12-18,194.0573354,136.2575498,367.1754808
2023-12-19,195.0975121,137.1613647,367.7765195
2023-12-20,193.0072523,138.7107617,365.1753031
2023-12-21,192.8586557,140.8362166,368.052406
2023-12-22,191.7887597,141.7499636,369.0771276
2023-12-25,,,
2023-12-26,191.2439053,141.8492839,369.1559524
2023-12-27,191.3429697,140.4786634,368.5746199
2023-12-28,191.7689468,140.3197509,369.7668441
2023-12-29,190.7287702,139.9721298,370.5156791
2024-01-01,,,
2024-01-02,183.9032301,138.6114414,365.4216304
2024-01-03,182.5262344,139.406004,365.1555969
2024-01-04,180.2081264,137.1017725,362.5346744
2024-01-05,179.484956,136.4561904,362.3474657
2024-01-08,183.8239786,139.5748485,369.1855116
2024-01-09,183.4079079,141.591051,370.2693518
2024-01-10,184.4480846,142.822623,377.1468101
2024-01-11,183.8536979,142.6935066,378.9794853
2024-01-12,184.1806106,143.2596325,382.7630727
2024-01-15,,,
2024-01-16,181.9120348,143.1007199,384.5366293
2024-01-17,180.9709226,141.9188081,383.7483819
2024-01-18,186.8652569,144.0045349,388.0837425
2024-01-19,189.7678451,146.9642805,392.8132267
2024-01-22,192.0760466,146.7060476,390.6849588
2024-01-23,193.3539779,147.6694547,393.0398479
2024-01-24,192.6803397,149.3281041,396.6460796
2024-01-25,192.353427,152.5957427,398.9221439
2024-01-26,190.6197993,152.7447232,397.9959532
2024-01-29,189.9362546,153.7875866,403.7008936
2024-01-30,186.2807767,152.0097528,402.5874942
2024-01-31,182.674831,140.8362166,391.7392397
2024-02-01,185.1118163,141.7400315,397.8481569
2024-02-02,184.1112655,142.5643902,405.1788574
2024-02-05,185.9241447,143.9449427,399.6906851
2024-02-06,187.5289887,144.4216802,399.5330356
2024-02-07,187.6379596,145.6830483,407.9672825
2024-02-08,186.5581572,146.219378,408.0264011
2024-02-09,187.3219278,149.1989877,414.3717925
2024-02-12,185.6356833,147.7191149,409.1595067
2024-02-13,183.5427562,145.3751553,400.3508423
2024-02-14,182.6599576,146.1399218,404.220396
2024-02-15,182.3723042,142.9616715,401.3281013
2024-02-16,180.8348459,140.7964885,398.8602731
2024-02-19,,,
2024-02-20,180.0909145,141.2334979,397.6066163
2024-02-21,180.844765,142.8623512,397.0044662
2024-02-22,182.8781775,144.3322919,406.3525996
2024-02-23,181.0431467,144.3024958,405.0594576
2024-02-26,179.6941511,137.8069468,402.29549
2024-02-27,181.1522567,139.1477711,402.2362621
2024-02-28,179.9520473,136.4959185,402.4731736
2024-02-29,179.2874686,138.8299461,408.3169909
2024-03-01,178.2062883,137.1415006,410.1530552
2024-03-04,173.6831854,133.2878721,409.580519
2024-03-05,168.7434808,132.8707268,397.4684179
2024-03-06,167.7515723,131.6590188,396.9156244
2024-03-07,167.6325433,134.3208035,403.8749001
2024-03-08,169.348545,135.3636669,400.9924767
2024-03-11,171.3522003,137.9956554,399.3143535
2024-03-12,171.8283164,138.6710336,409.9358863
2024-03-13,169.7453085,139.8132173,409.7582026
2024-03-14,171.6001774,143.3589528,419.7479714
2024-03-15,171.2232522,141.2037018,411.0612159
2024-03-18,172.3143516,147.4708141,411.9496341
2024-03-19,174.6552557,146.9146203,415.9870011
2024-03-20,177.2242988,148.662658,419.7578427
2024-03-21,169.9833665,147.7290469,423.8445663
2024-03-22,170.8860033,150.7384527,423.2226736
2024-03-25,169.4675741,150.1226667,417.4183415
2024-03-26,168.3367983,150.6689285,416.2239126
2024-03-27,171.9076691,150.9072972,416.0067438
2024-03-28,170.0924764,151.2251223,415.3058805
2024-04-01,168.6542091,155.4363039,419.106336
2024-04-02,167.4738379,154.8105859,416.0166151
2024-04-03,168.2772838,155.3071875,415.0393551
2024-04-04,167.4539997,150.9072972,412.5024276
2024-04-05,168.2078502,152.8937037,420.0441108
2024-04-08,167.0869936,155.0787508,419.1260787
2024-04-09,168.297122,157.0651572,420.7943306
2024-04-10,166.4224148,156.5884197,417.813194
2024-04-11,173.6236708,159.6971457,422.4230972
2024-04-12,175.1214527,158.1080206,416.4706955
2024-04-15,171.2926858,155.2674594,408.3169909
2024-04-16,168.0094685,154.9397023,409.2448944
2024-04-17,166.6406347,155.8137212,406.5401546
2024-04-18,165.6884025,156.389779,399.0675707
2024-04-19,163.6649091,154.6616054,393.9838445
2024-04-22,164.4981123,156.8764486,395.800166
2024-04-23,165.5495353,158.8330589,402.3251039
2024-04-24,167.6523814,160.0050387,403.7959296
2024-04-25,168.5153419,156.8764486,393.904874
2024-04-26,167.9301158,172.5094673,401.0911898
2024-04-29,172.0961317,166.7588206,397.0735654
2024-04-30,168.9517816,163.5209781,384.319829
2024-05-01,167.9301158,164.4446571,389.8576356
2024-05-02,171.6299347,167.3150144,392.7203164
2024-05-03,181.8961881,167.8414121,401.4268145
2024-05-06,180.2397008,168.6757029,408.2182778
2024-05-07,180.9241177,171.804293,404.0723263
2024-05-08,181.2613666,169.9966631,405.2568839
2024-05-09,183.0765592,170.4138085,407.0139776
2024-05-10,181.8151264,169.1325763,409.4028354
2024-05-13,185.0233365,169.7384303,408.3959614
2024-05-14,186.1655785,170.7614296,411.1994143
2024-05-15,188.4401299,172.6981759,418.3888043
2024-05-16,188.5593204,174.2376409,416.3219787
2024-05-17,188.589118,176.0849989,415.5506275
2024-05-20,189.7512251,177.2470466,420.623745
2024-05-21,191.0523877,178.3197061,424.2827187
2024-05-22,189.6121695,176.7901732,425.7463081
2024-05-23,185.6192888,173.8701557,422.2653386
2024-05-24,188.6983759,175.1315238,425.3902999
2024-05-27,,,
2024-05-28,188.7083085,176.8100372,425.5485258
2024-05-29,189.0062846,176.1942512,424.4112772
2024-05-30,189.9995385,172.3803509,410.0720561
2024-05-31,190.9530623,172.7776322,410.5269555
2024-06-03,192.7210542,173.2345056,408.9348075
2024-06-04,193.0388955,173.9396799,411.4565326
2024-06-05,194.5486414,175.8664942,419.3084923
2024-06-06,193.1680185,177.1377943,419.8128373
2024-06-07,195.5617604,174.7541066,419.1502664
2024-06-10,191.8171932,175.6291208,423.1256919
2024-06-11,205.7525454,177.180281,427.8823576
2024-06-12,211.6326085,178.5425179,436.1694385
2024-06-13,212.7947155,175.7384975,436.6836726
2024-06-14,211.0565212,177.359261,437.6626953
2024-06-17,215.2083225,177.7669378,443.3983838
2024-06-18,212.8443782,175.4501408,441.3908928
2024-06-19,,,
2024-06-20,208.2654778,176.703001,440.7579893
2024-06-21,206.0902517,179.2385513,444.7927494
2024-06-24,206.7358667,179.765548,442.7061455
2024-06-25,207.6595929,184.5284054,445.9497762
2024-06-26,211.8113942,184.3195953,447.1463595
2024-06-27,212.65566,185.8011522,447.8287086
2024-06-28,209.1991364,182.3806451,441.994129
2024-07-01,215.2877828,183.4445819,451.6656864
2024-07-02,218.7840366,185.5525688,454.1874115
2024-07-03,220.0554015,186.3281489,455.6608901
2024-07-04,,,
2024-07-05,224.8130877,190.8722529,462.3756012
2024-07-08,226.2831035,189.4006394,461.0702376
2024-07-09,227.1373019,189.360866,454.4445286
2024-07-10,231.4082936,191.5682863,461.0801268
2024-07-11,226.03479,186.2386589,449.6581955
2024-07-12,228.9847541,185.7216055,448.5209469
2024-07-15,232.8187142,187.1236157,448.9264007
2024-07-16,233.2358808,184.4488587,444.5356323
2024-07-17,227.3359526,181.5851783,438.6021615
2024-07-18,222.6676593,178.2044445,435.4870894
2024-07-19,222.7967823,178.3734812,432.2632369
2024-07-22,222.4491434,182.3110417,438.0285927
2024-07-23,223.49206,182.5596251,439.9174142
2024-07-24,217.0657073,173.3819272,424.144271
2024-07-25,216.0227907,168.2014498,413.7606971
2024-07-26,216.48962,167.7241697,420.5545212
2024-07-29,216.7677311,170.1602867,421.9983324
2024-07-30,217.3239533,170.8861502,418.2305785
2024-07-31,220.5818261,172.1688403,413.7112515
2024-08-01,216.8869216,171.4728069,412.4850009
2024-08-02,218.3768025,167.4457563,403.9605812
2024-08-05,207.8582437,159.7297286,390.7684978
2024-08-06,205.8320057,159.6302953,395.1790444
2024-08-07,208.4045333,159.8391053,394.0121285
2024-08-08,211.8709894,162.9115957,398.2248927
2024-08-09,214.7812233,164.4528126,401.517969
2024-08-12,216.3126042,163.0209724,402.2992094
2024-08-13,220.0316735,164.9897527,409.4193743
2024-08-14,220.4791551,161.1118521,412.2377729
2024-08-15,223.4623658,162.2453923,417.1119874
2024-08-16,224.7849225,163.8064958,414.5758102
2024-08-19,224.6258179,167.4457563,417.6073346
2024-08-20,225.2423481,168.0025831,420.8469047
2024-08-21,225.1329637,166.6801196,420.1930465
2024-08-22,223.2734291,164.552246,411.6829831
2024-08-23,225.5705013,166.4812529,412.911444
2024-08-26,225.9085985,166.9784196,409.642153
2024-08-27,226.7538415,165.4372027,409.988896
2024-08-28,225.22246,163.5678558,406.7790467
2024-08-29,228.5039918,162.474089,409.2755962
2024-08-30,227.718413,164.1743992,413.2581869
2024-09-02,,,
2024-09-03,221.5232788,157.7112317,405.6298414
2024-09-04,219.614024,156.9157649,405.0948666
2024-09-05,221.1354614,157.7012883,404.5896125
2024-09-06,219.5841919,151.2679508,397.9618682
2024-09-09,219.6736882,148.8883645,401.9444589
2024-09-10,218.8781654,149.3563164,410.3455459
2024-09-11,221.4138944,151.4869912,419.1032828
2024-09-12,221.5232788,154.8622189,423.0264319
2024-09-13,221.2547899,157.6798869,426.5830242
2024-09-16,215.1093759,158.2971852,427.3260449
2024-09-17,215.5767456,159.5815639,431.1005898
2024-09-18,219.4549194,160.1092543,426.8009769
2024-09-19,227.5891405,162.5286654,434.6076474
2024-09-20,226.9228901,163.9225647,431.2194731
2024-09-23,225.202572,162.3594062,429.4758513
2024-09-24,226.0975352,162.9269223,425.1762384
2024-09-25,225.1031316,162.2797548,428.0888794
2024-09-26,226.2466957,163.1160944,427.296324
2024-09-27,226.5151847,164.5697323,424.03694
2024-09-30,231.6960272,166.4614529,426.2957229
2024-10-01,224.944027,167.686093,416.7751514
2024-10-02,225.5108371,166.5809299,413.24828
2024-10-03,224.4070491,166.4813657,412.6637704
2024-10-04,225.5307251,167.8254829,412.1882372
2024-10-07,220.449323,163.6736541,405.7289109
2024-10-08,224.5064895,164.9779457,410.8508
2024-10-09,228.2553909,162.3494497,413.5752091
2024-10-10,227.7581891,162.4689268,411.9702844
2024-10-11,226.2765278,163.8030876,412.4458177
2024-10-14,230.0055411,165.6251132,415.2395754
2024-10-15,232.5412702,166.1727166,414.8432977
2024-10-16,230.4828548,166.0134138,412.2476788
2024-10-17,230.8507841,163.7931312,412.8420954
2024-10-18,233.6848343,164.3307781,414.268695
2024-10-21,235.1565515,165.0775099,414.8829255
2024-10-22,234.5400213,166.0930652,423.531686
2024-10-23,229.4685632,163.763262,420.6487658
2024-10-24,229.2796265,163.8130441,420.7775561
2024-10-25,230.1149255,166.2623244,424.1657303
2024-10-28,232.0937886,167.6064416,422.6202473
2024-10-29,232.3622775,170.3942403,427.9303683
2024-10-30,228.8122569,175.3724523,428.504971
2024-10-31,224.645706,171.9374861,402.5685963
2024-11-01,221.6624953,171.8976604,406.5511871
2024-11-04,220.7675321,169.9362448,404.6589611
2024-11-05,222.1994732,170.6630638,407.6310438
2024-11-06,221.4735587,177.5529092,416.2698974
2024-11-07,226.2069196,181.4856967,421.471042
2024-11-08,225.9381353,179.0762421,418.6079357
2024-11-11,223.2204268,181.1770475,414.1200909
2024-11-12,223.2204268,182.5211648,419.0933759
2024-11-13,224.1064197,179.7034968,421.2431823
2024-11-14,227.1924623,176.5771796,422.9174556
2024-11-15,223.98696,173.1322569,411.1381013
2024-11-18,226.9933628,176.0295763,411.8910289
2024-11-19,227.2521921,178.7974622,413.9021382
2024-11-20,227.9689504,176.5572668,411.6235415
2024-11-21,227.4911116,168.5025198,409.846648
2024-11-22,228.8350333,165.8441546,413.9464049
2024-11-25,231.8215261,168.6916918,415.7232972
2024-11-26,234.0016659,169.8765063,424.8559277
2024-11-27,233.8722512,170.0756348,419.8925415
2024-11-28,,,
2024-11-29,236.2614454,169.7470728,420.3590998
2024-12-02,238.51127,172.2262224,427.8240326
2024-12-03,241.5574926,172.266048,428.0424216
2024-12-04,241.9158718,175.3226702,434.2168739
2024-12-05,241.9457367,173.5504267,439.3787955
2024-12-06,241.7466372,175.7209272,440.3218389
2024-12-09,245.6390328,176.5283123,442.7538981
2024-12-10,246.6544404,185.9278718,440.0835964
2024-12-11,245.3802034,196.0750103,445.7021495
2024-12-12,246.8435849,193.0049527,446.2679755
2024-12-13,247.0128195,190.7622158,443.9947447
2024-12-16,249.9097175,197.5203296,448.2831103
2024-12-17,252.3387316,196.4836868,451.1320939
2024-12-18,246.9331797,189.5361863,434.1870936
2024-12-19,248.6653455,189.0876389,433.8297298
2024-12-20,253.3441842,192.3371155,433.4028786
2024-12-23,254.1206724,195.3573345,432.0627644
2024-12-24,257.0374803,196.9322342,436.1128875
2024-12-25,,,
2024-12-26,257.8537884,196.4637513,434.9018212
2024-12-27,254.4392316,193.4136292,427.3773278
2024-12-30,251.0644947,192.067987,421.7190676
2024-12-31,249.292509,189.8252502,418.4134524
2025-01-01,,,
2025-01-02,242.7520898,190.0146368,415.5148349
2025-01-03,242.2642959,192.5065667,420.2499053
2025-01-06,243.896912,197.3209752,424.7169529
2025-01-07,241.1194737,196.0750103,419.2770816
2025-01-08,241.6072675,194.7592713,421.4510448
2025-01-09,,,
2025-01-10,235.7836066,192.5464376,415.8821255
2025-01-13,233.3446374,191.6692783,414.1350136
2025-01-14,232.2296801,190.433281,412.6261442
2025-01-15,236.7990141,196.3441387,423.1882299
2025-01-16,227.2322822,193.7824348,421.4708983
2025-01-17,228.944538,196.9122987,425.888312
2025-01-20,,,
2025-01-21,221.6375857,198.9855844,425.3621931
2025-01-22,222.8222278,199.3842932,442.93258
2025-01-23,222.6529932,198.9357458,443.4388454
2025-01-24,221.7769553,201.2482567,440.8082508
2025-01-27,228.8250783,193.1445008,431.3778171
2025-01-28,237.1872582,196.4338482,443.9252573
2025-01-29,238.2823055,196.5434931,439.0909191
2025-01-30,236.5202748,201.9759002,411.9511237
2025-01-31,234.9374336,204.9363129,412.0206111
2025-02-03,226.9834078,201.9858679,407.9109274
2025-02-04,231.7518413,207.0395017,409.3503093
2025-02-05,231.4233271,192.6760179,410.2635724
2025-02-06,232.1699503,192.6859857,412.7750458
2025-02-07,226.6051187,186.5359027,406.749495
2025-02-10,226.8741984,187.592481,409.2014078
2025-02-11,231.8272613,186.4661287,408.4271195
2025-02-12,236.0627778,184.8314227,406.0446942
2025-02-13,240.7068972,187.273514,407.53371
2025-02-14,243.766435,186.2667743,405.439161
2025-02-17,,,
2025-02-18,243.636878,185.2002283,406.6403005
2025-02-19,244.0355149,186.525935,411.7327347
2025-02-20,244.9922433,186.0375167,413.9110575
2025-02-21,244.7131975,180.9938507,406.0332896
2025-02-24,246.2579153,180.6051096,401.8457387
2025-02-25,246.1981198,176.7974408,395.7782659
2025-02-26,239.5408844,174.1360597,397.5985077
2025-02-27,236.4913124,169.6605536,390.4369005
2025-02-28,241.0158407,171.6640652,394.8731183
2025-03-03,237.2188247,168.1155571,386.4184431
2025-03-04,235.1259812,172.0528063,386.5378032
2025-03-05,234.9366287,174.4251235,398.881629
2025-03-06,234.528026,173.6476414,394.7736515
2025-03-07,238.2552805,175.1826702,391.2127413
2025-03-10,226.7047777,167.458866,378.1328614
2025-03-11,220.087406,165.6326951,378.4213151
2025-03-12,216.2405604,168.646376,381.2262779
2025-03-13,208.9654378,164.3853107,376.7502734
2025-03-14,212.7624538,167.2692635,386.4880699
2025-03-17,213.2707158,166.2214606,386.6273233
2025-03-18,211.9651801,162.3296212,381.4749448
2025-03-19,214.5064901,165.9320674,385.7520158
2025-03-20,213.370375,164.7046411,384.7772415
2025-03-21,217.5261642,165.9021302,389.1736726
2025-03-24,219.9777809,169.57443,390.9839677
2025-03-25,222.9874891,172.4284456,393.0528765
2025-03-26,220.7750546,166.7902679,387.8905513
2025-03-27,223.0871483,163.7366708,388.4972985
2025-03-28,217.1574251,155.7334523,376.7801134
2025-03-31,221.3730098,155.9030965,373.3882966
2025-04-01,222.4293975,158.5475515,380.1520368
2025-04-02,223.127012,158.5275934,380.1023034
2025-04-03,202.4975549,152.3106294,371.1204544
2025-04-04,187.7380254,147.4308614,357.9212144
2025-04-07,180.8416079,148.9277228,355.9517724
2025-04-08,171.8324151,146.2732887,352.6693691
2025-04-09,198.1723451,160.72299,388.4077785
2025-04-10,189.7710734,155.044896,379.316516
2025-04-11,197.4747306,159.0664635,386.3786564
2025-04-14,201.8298382,161.1321321,385.7420691
2025-04-15,201.4511332,158.34797,383.6731603
2025-04-16,193.6079531,155.174624,369.6284528
2025-04-17,196.3087178,153.0391019,365.8188757
2025-04-21,192.5017358,149.5464254,357.2050537
2025-04-22,199.059312,153.5779719,364.8639947
2025-04-23,203.9027498,157.3899788,372.393629
2025-04-24,207.6599021,161.1321321,385.2347886
2025-04-25,208.566801,163.5071521,389.7605265
2025-04-28,209.4238702,162.0801443,389.0742058
2025-04-29,210.4902238,161.7208976,391.9388487
2025-04-30,211.7758276,160.5533457,393.1523432
2025-05-01,212.5930332,162.4493701,423.1316268
2025-05-02,204.6501939,165.4630509,432.9589434
2025-05-05,198.2122087,165.7025487,433.8441976
2025-05-06,197.8335037,164.8543273,430.9994481
2025-05-07,195.5812055,152.4802736,431.0392348
2025-05-08,196.8169798,155.4241009,435.833533
2025-05-09,197.8534356,154.0569676,436.3905469
2025-05-12,210.3471323,159.2460868,446.8643974
2025-05-13,212.4826362,160.5533457,446.7450373
2025-05-14,211.8838968,166.4609584,450.5247744
2025-05-15,211.0057457,165.0539088,451.5411993
2025-05-16,210.8161449,167.0796611,452.6772022
2025-05-19,208.3413553,167.5187404,457.2610733
2025-05-20,206.4253892,164.9740762,456.5635277
2025-05-21,201.6654109,169.704158,450.9831629
2025-05-22,200.9369447,171.6201404,453.2651335
2025-05-23,194.8597397,169.2351414,448.6015429
2025-05-26,,,
2025-05-27,199.7893608,173.6159555,459.0746919
2025-05-28,199.9989196,173.017211,455.7563678
2025-05-29,199.529907,172.5980898,457.0717395
2025-05-30,200.4280162,172.48832,458.7458489
2025-06-02,201.2762303,170.0135093,460.3502038
2025-06-03,202.8429318,167.3590752,461.3466975
2025-06-04,202.3938772,169.0355599,462.2435419
2025-06-05,200.2084784,169.4546811,466.040183
2025-06-06,203.4915661,174.5539886,468.730716
2025-06-09,201.0267556,177.4713817,471.0924061
2025-06-10,202.2441924,179.8492565,469.2688226
2025-06-11,198.3623652,178.6303459,470.9628619
2025-06-12,198.7814828,176.8119711,477.1909477
2025-06-13,196.0372605,175.7229444,473.2946573
2025-06-16,198.0031216,177.7811049,477.460001
2025-06-17,195.2289623,177.0717389,476.3638579
2025-06-18,196.1669874,173.8246411,478.5561441
2025-06-19,,,
2025-06-20,200.577701,167.5802221,475.7261019
2025-06-23,201.0766505,165.8617581,484.2959479
2025-06-24,199.8791717,167.5902132,488.3915371
2025-06-25,201.1365245,171.3368646,490.5439635
2025-06-26,200.577701,174.2742392,495.705801
2025-06-27,200.6575329,178.1108102,494.2010955
2025-06-30,204.7389399,177.2315961,495.6659413
2025-07-01,207.3833723,176.7520247,490.3247349
2025-07-02,211.9936657,179.5994797,489.368101
2025-07-03,213.1013336,180.3887743,497.0909273
2025-07-04,,,
2025-07-07,209.5088971,177.4014442,495.9748543
2025-07-08,209.5687711,175.0035874,494.8787112
2025-07-09,210.696397,177.5013549,501.744553
2025-07-10,211.9637287,178.5404263,499.7216707
2025-07-11,210.716355,181.1480956,501.5552192
2025-07-14,208.1816915,182.6467562,501.256271
2025-07-15,208.670662,182.9364972,504.0464535
2025-07-16,209.7184559,183.6058989,503.8471547
2025-07-17,209.5787501,184.5350684,509.9058365
2025-07-18,210.7363129,185.7739612,508.2616219
2025-07-21,212.0335816,190.9793088,508.2715868
2025-07-22,213.9495477,191.9384515,503.4983819
2025-07-23,213.700073,191.3389873,504.0962781
2025-07-24,213.3108924,193.0274782,509.0887117
2025-07-25,213.4306403,193.9066924,511.9087889
2025-07-28,213.6002831,193.2472817,510.7030315
2025-07-29,210.8261238,196.2545939,510.7727861
2025-07-30,208.610788,197.263692,511.4404369
2025-07-31,207.1338975,192.6877818,531.6293996
2025-08-01,201.9548016,189.7803803,522.2723236
2025-08-04,202.9227637,195.5752011,533.7618962
2025-08-05,202.4936671,195.1455851,525.8995607
2025-08-06,212.8019639,196.7441563,523.0994134
2025-08-07,219.5677192,197.1038349,519.0137891
2025-08-08,228.8681379,201.9095397,520.2095816
2025-08-11,226.9599875,201.4499505,519.9405283
2025-08-12,229.4275955,203.9776912,527.3843364
2025-08-13,233.1040316,202.8487003,518.7547008
2025-08-14,232.5545642,203.6379949,520.6480388
2025-08-15,231.3657167,204.7270215,518.3461383
2025-08-18,230.6663946,204.1075752,515.2869026
2025-08-19,230.3367142,202.3091825,507.9826036
2025-08-20,225.7911206,200.0112363,503.9468041
2025-08-21,224.6821956,200.4408524,503.2980192
2025-08-22,227.5394258,206.5354052,506.2824335
2025-08-25,226.9400069,208.9732264,503.3179818
2025-08-26,229.0879247,207.7643069,501.102129
2025-08-27,230.266782,208.0240747,505.7933489
2025-08-28,232.3347773,212.18036,508.6879313
2025-08-29,231.915184,213.3393241,505.7434423
2025-09-01,,,
2025-09-02,229.4975277,211.8006993,504.1763752
2025-09-03,238.2390537,230.8936346,504.4059456
2025-09-04,239.5477851,232.4522416,507.0210511
2025-09-05,239.4578722,234.9600002,494.0752806
2025-09-08,237.6496251,234.16,497.2693026
2025-09-09,234.1230437,239.94,497.4789103
2025-09-10,226.5703652,239.56,499.4352488
2025-09-11,229.8072274,240.78,500.0740532
2025-09-12,233.8433149,241.38,508.9474456
2025-09-15,236.4707679,251.76,514.3972457
2025-09-16,237.9193636,251.42,508.0890522
2025-09-17,238.7585501,249.85,509.0672214
2025-09-18,237.6496251,252.33,507.5001544
2025-09-19,245.2622455,255.24,516.9624446
2025-09-22,255.8319993,252.88,513.4889457
2025-09-23,254.1835973,252.34,508.2786973
2025-09-24,252.0656504,247.83,509.1969786
2025-09-25,256.6212342,246.57,506.0828071
2025-09-26,255.2125998,247.18,510.5045313
2025-09-29,254.1835973,244.36,513.6386654
2025-09-30,254.3834036,243.55,516.9824072
2025-10-01,255.2026094,245.54,518.7391194
2025-10-02,256.8809825,246.43,514.7765358
2025-10-03,257.7701205,246.45,516.3835281
2025-10-06,256.4414086,251.51,527.5825678
2025-10-07,256.2316119,247.13,523.0011425
2025-10-08,257.8100818,245.46,523.8695172
2025-10-09,253.793975,242.21,521.4240941
2025-10-10,245.0324683,237.49,510.0054654
2025-10-13,247.4201537,244.64,513.0896929
2025-10-14,247.5300471,246.19,512.6105896
2025-10-15,249.0985267,251.71,512.4708511
2025-10-16,247.210357,251.88,510.6542511
2025-10-17,252.0456697,253.79,512.6205709
2025-10-20,261.9860337,257.02,515.8245743
2025-10-21,262.5155204,251.34,516.692949
2025-10-22,258.1997041,252.53,519.5675688
2025-10-23,259.3286097,253.73,519.5875315
2025-10-24,262.565472,260.51,522.6318337
2025-10-27,268.549671,269.93,530.5270569
2025-10-28,268.739487,268.43,541.0573482
2025-10-29,269.438809,275.17,540.5383196
2025-10-30,271.1371627,281.9,524.7778172
2025-10-31,270.1081602,281.82,516.8426688
2025-11-03,268.7894385,284.12,516.0641259
2025-11-04,269.7784798,278.06,513.3691698
2025-11-05,269.8783829,284.75,506.2125643
2025-11-06,269.5087412,285.34,496.1713575
2025-11-07,268.2100002,279.7,495.8918806
2025-11-10,269.43,290.59,505.0547313
2025-11-11,275.25,291.74,507.7297247
2025-11-12,273.47,287.43,510.1851291
2025-11-13,272.95,279.12,502.3497939
2025-11-14,272.41,276.98,509.2269225
2025-11-17,267.46,285.6,506.5419478
2025-11-18,267.44,284.96,492.867541
2025-11-19,268.56,292.99,486.2100014
2025-11-20,266.25,289.98,478.43
2025-11-21,271.49,299.65,472.12
2025-11-24,275.92,318.47,474
2025-11-25,276.97,323.64,476.99
2025-11-26,277.55,320.28,485.5
2025-11-27,,,
2025-11-28,278.85,320.12,492.01
